RecordNumber,EventRecordId,TimeCreated,EventId,Level,Provider,Channel,ProcessId,ThreadId,Computer,ChunkNumber,UserId,MapDescription,UserName,RemoteHost,PayloadData1,PayloadData2,PayloadData3,PayloadData4,PayloadData5,PayloadData6,ExecutableInfo,HiddenRecord,SourceFile,Keywords,ExtraDataOffset,Payload
81,81,2024-03-13 05:10:04.5679551,41,Info,Microsoft-Windows-TerminalServices-LocalSessionManager,Microsoft-Windows-TerminalServices-LocalSessionManager/Operational,728,1712,dc.windomain.local,0,S-1-5-18,RDP Begin session arbitration,,,Target: WINDOMAIN\vagrant,Session ID: 1,,,,ActivityID: 61a55000-55e5-1017-0000-000000000000,,False,C:\lab\Tools\EvtxECmd\DC\Microsoft-Windows-TerminalServices-LocalSessionManager%4Operational.evtx,0x1000000000000000,0,"{""UserData"":{""EventXML"":{""User"":""WINDOMAIN\\vagrant"",""SessionID"":""1""}}}"
82,82,2024-03-13 05:10:04.5741094,42,Info,Microsoft-Windows-TerminalServices-LocalSessionManager,Microsoft-Windows-TerminalServices-LocalSessionManager/Operational,728,1712,dc.windomain.local,0,S-1-5-18,,,,,,,,,,,False,C:\lab\Tools\EvtxECmd\DC\Microsoft-Windows-TerminalServices-LocalSessionManager%4Operational.evtx,0x1000000000000000,0,"{""UserData"":{""EventXML"":{""User"":""WINDOMAIN\\vagrant"",""SessionID"":""1""}}}"
83,83,2024-03-13 05:10:04.8960565,21,Info,Microsoft-Windows-TerminalServices-LocalSessionManager,Microsoft-Windows-TerminalServices-LocalSessionManager/Operational,728,420,dc.windomain.local,0,S-1-5-18,Remote Desktop Services: Session logon succeeded,WINDOMAIN\vagrant,LOCAL,Session ID: 1,,,,,,,False,C:\lab\Tools\EvtxECmd\DC\Microsoft-Windows-TerminalServices-LocalSessionManager%4Operational.evtx,0x1000000000000000,0,"{""UserData"":{""EventXML"":{""User"":""WINDOMAIN\\vagrant"",""SessionID"":""1"",""Address"":""LOCAL""}}}"
84,84,2024-03-13 05:10:05.2230744,22,Info,Microsoft-Windows-TerminalServices-LocalSessionManager,Microsoft-Windows-TerminalServices-LocalSessionManager/Operational,728,1712,dc.windomain.local,0,S-1-5-18,Remote Desktop Services: Shell start notification received,WINDOMAIN\vagrant,LOCAL,,,,,,,,False,C:\lab\Tools\EvtxECmd\DC\Microsoft-Windows-TerminalServices-LocalSessionManager%4Operational.evtx,0x1000000000000000,0,"{""UserData"":{""EventXML"":{""User"":""WINDOMAIN\\vagrant"",""SessionID"":""1"",""Address"":""LOCAL""}}}"
85,85,2024-03-13 05:33:45.6937262,23,Info,Microsoft-Windows-TerminalServices-LocalSessionManager,Microsoft-Windows-TerminalServices-LocalSessionManager/Operational,728,1316,dc.windomain.local,0,S-1-5-18,Remote Desktop Services: Session logoff succeeded,WINDOMAIN\vagrant,,Session ID: 1,,,,,,,False,C:\lab\Tools\EvtxECmd\DC\Microsoft-Windows-TerminalServices-LocalSessionManager%4Operational.evtx,0x1000000000000000,0,"{""UserData"":{""EventXML"":{""User"":""WINDOMAIN\\vagrant"",""SessionID"":""1""}}}"
86,86,2024-03-13 05:33:45.7111179,54,Info,Microsoft-Windows-TerminalServices-LocalSessionManager,Microsoft-Windows-TerminalServices-LocalSessionManager/Operational,728,1316,dc.windomain.local,0,S-1-5-18,,,,,,,,,,,False,C:\lab\Tools\EvtxECmd\DC\Microsoft-Windows-TerminalServices-LocalSessionManager%4Operational.evtx,0x1000000000000000,0,"{""EventData"":""""}"
87,87,2024-03-13 18:46:50.7273234,32,Info,Microsoft-Windows-TerminalServices-LocalSessionManager,Microsoft-Windows-TerminalServices-LocalSessionManager/Operational,716,816,dc.windomain.local,0,S-1-5-18,,,,,,,,,,,False,C:\lab\Tools\EvtxECmd\DC\Microsoft-Windows-TerminalServices-LocalSessionManager%4Operational.evtx,0x1000000000000000,0,"{""UserData"":{""EventXML"":{""messageName"":""RDSAppXPlugin""}}}"
88,88,2024-03-13 18:47:36.3248368,41,Info,Microsoft-Windows-TerminalServices-LocalSessionManager,Microsoft-Windows-TerminalServices-LocalSessionManager/Operational,716,828,dc.windomain.local,0,S-1-5-18,RDP Begin session arbitration,,,Target: WINDOMAIN\vagrant,Session ID: 1,,,,ActivityID: 61a55000-55e5-1017-0000-000000000000,,False,C:\lab\Tools\EvtxECmd\DC\Microsoft-Windows-TerminalServices-LocalSessionManager%4Operational.evtx,0x1000000000000000,0,"{""UserData"":{""EventXML"":{""User"":""WINDOMAIN\\vagrant"",""SessionID"":""1""}}}"
89,89,2024-03-13 18:47:36.3287886,42,Info,Microsoft-Windows-TerminalServices-LocalSessionManager,Microsoft-Windows-TerminalServices-LocalSessionManager/Operational,716,828,dc.windomain.local,0,S-1-5-18,,,,,,,,,,,False,C:\lab\Tools\EvtxECmd\DC\Microsoft-Windows-TerminalServices-LocalSessionManager%4Operational.evtx,0x1000000000000000,0,"{""UserData"":{""EventXML"":{""User"":""WINDOMAIN\\vagrant"",""SessionID"":""1""}}}"
90,90,2024-03-13 18:47:36.5157486,21,Info,Microsoft-Windows-TerminalServices-LocalSessionManager,Microsoft-Windows-TerminalServices-LocalSessionManager/Operational,716,828,dc.windomain.local,0,S-1-5-18,Remote Desktop Services: Session logon succeeded,WINDOMAIN\vagrant,LOCAL,Session ID: 1,,,,,,,False,C:\lab\Tools\EvtxECmd\DC\Microsoft-Windows-TerminalServices-LocalSessionManager%4Operational.evtx,0x1000000000000000,0,"{""UserData"":{""EventXML"":{""User"":""WINDOMAIN\\vagrant"",""SessionID"":""1"",""Address"":""LOCAL""}}}"
91,91,2024-03-13 18:47:36.7520430,22,Info,Microsoft-Windows-TerminalServices-LocalSessionManager,Microsoft-Windows-TerminalServices-LocalSessionManager/Operational,716,856,dc.windomain.local,0,S-1-5-18,Remote Desktop Services: Shell start notification received,WINDOMAIN\vagrant,LOCAL,,,,,,,,False,C:\lab\Tools\EvtxECmd\DC\Microsoft-Windows-TerminalServices-LocalSessionManager%4Operational.evtx,0x1000000000000000,0,"{""UserData"":{""EventXML"":{""User"":""WINDOMAIN\\vagrant"",""SessionID"":""1"",""Address"":""LOCAL""}}}"
92,92,2024-03-13 18:55:57.0789825,23,Info,Microsoft-Windows-TerminalServices-LocalSessionManager,Microsoft-Windows-TerminalServices-LocalSessionManager/Operational,716,4052,dc.windomain.local,0,S-1-5-18,Remote Desktop Services: Session logoff succeeded,WINDOMAIN\vagrant,,Session ID: 1,,,,,,,False,C:\lab\Tools\EvtxECmd\DC\Microsoft-Windows-TerminalServices-LocalSessionManager%4Operational.evtx,0x1000000000000000,0,"{""UserData"":{""EventXML"":{""User"":""WINDOMAIN\\vagrant"",""SessionID"":""1""}}}"
93,93,2024-03-13 18:55:57.1426799,54,Info,Microsoft-Windows-TerminalServices-LocalSessionManager,Microsoft-Windows-TerminalServices-LocalSessionManager/Operational,716,3840,dc.windomain.local,0,S-1-5-18,,,,,,,,,,,False,C:\lab\Tools\EvtxECmd\DC\Microsoft-Windows-TerminalServices-LocalSessionManager%4Operational.evtx,0x1000000000000000,0,"{""EventData"":""""}"
94,94,2024-03-13 18:56:02.3254307,32,Info,Microsoft-Windows-TerminalServices-LocalSessionManager,Microsoft-Windows-TerminalServices-LocalSessionManager/Operational,700,812,dc.windomain.local,0,S-1-5-18,,,,,,,,,,,False,C:\lab\Tools\EvtxECmd\DC\Microsoft-Windows-TerminalServices-LocalSessionManager%4Operational.evtx,0x1000000000000000,0,"{""UserData"":{""EventXML"":{""messageName"":""RDSAppXPlugin""}}}"
95,95,2024-03-13 18:57:12.8218430,41,Info,Microsoft-Windows-TerminalServices-LocalSessionManager,Microsoft-Windows-TerminalServices-LocalSessionManager/Operational,700,736,dc.windomain.local,0,S-1-5-18,RDP Begin session arbitration,,,Target: WINDOMAIN\vagrant,Session ID: 1,,,,ActivityID: 61a55000-55e5-1017-0000-000000000000,,False,C:\lab\Tools\EvtxECmd\DC\Microsoft-Windows-TerminalServices-LocalSessionManager%4Operational.evtx,0x1000000000000000,0,"{""UserData"":{""EventXML"":{""User"":""WINDOMAIN\\vagrant"",""SessionID"":""1""}}}"
96,96,2024-03-13 18:57:12.8253448,42,Info,Microsoft-Windows-TerminalServices-LocalSessionManager,Microsoft-Windows-TerminalServices-LocalSessionManager/Operational,700,736,dc.windomain.local,0,S-1-5-18,,,,,,,,,,,False,C:\lab\Tools\EvtxECmd\DC\Microsoft-Windows-TerminalServices-LocalSessionManager%4Operational.evtx,0x1000000000000000,0,"{""UserData"":{""EventXML"":{""User"":""WINDOMAIN\\vagrant"",""SessionID"":""1""}}}"
97,97,2024-03-13 18:57:13.0304064,21,Info,Microsoft-Windows-TerminalServices-LocalSessionManager,Microsoft-Windows-TerminalServices-LocalSessionManager/Operational,700,736,dc.windomain.local,0,S-1-5-18,Remote Desktop Services: Session logon succeeded,WINDOMAIN\vagrant,LOCAL,Session ID: 1,,,,,,,False,C:\lab\Tools\EvtxECmd\DC\Microsoft-Windows-TerminalServices-LocalSessionManager%4Operational.evtx,0x1000000000000000,0,"{""UserData"":{""EventXML"":{""User"":""WINDOMAIN\\vagrant"",""SessionID"":""1"",""Address"":""LOCAL""}}}"
98,98,2024-03-13 18:57:13.2479450,22,Info,Microsoft-Windows-TerminalServices-LocalSessionManager,Microsoft-Windows-TerminalServices-LocalSessionManager/Operational,700,992,dc.windomain.local,0,S-1-5-18,Remote Desktop Services: Shell start notification received,WINDOMAIN\vagrant,LOCAL,,,,,,,,False,C:\lab\Tools\EvtxECmd\DC\Microsoft-Windows-TerminalServices-LocalSessionManager%4Operational.evtx,0x1000000000000000,0,"{""UserData"":{""EventXML"":{""User"":""WINDOMAIN\\vagrant"",""SessionID"":""1"",""Address"":""LOCAL""}}}"
99,99,2024-03-13 18:59:16.3362648,41,Info,Microsoft-Windows-TerminalServices-LocalSessionManager,Microsoft-Windows-TerminalServices-LocalSessionManager/Operational,700,992,dc.windomain.local,0,S-1-5-18,RDP Begin session arbitration,,,Target: WINDOMAIN\vagrant,Session ID: 2,,,,ActivityID: f420d734-1e82-4fe2-a83a-b67595c20000,,False,C:\lab\Tools\EvtxECmd\DC\Microsoft-Windows-TerminalServices-LocalSessionManager%4Operational.evtx,0x1000000000000000,0,"{""UserData"":{""EventXML"":{""User"":""WINDOMAIN\\vagrant"",""SessionID"":""2""}}}"
100,100,2024-03-13 18:59:16.3437374,40,Info,Microsoft-Windows-TerminalServices-LocalSessionManager,Microsoft-Windows-TerminalServices-LocalSessionManager/Operational,700,856,dc.windomain.local,0,S-1-5-18,"Session (PayloadData1) has been disconnected, reason code (PayloadData2)",,,Session: 1,Reason: The client's connection was replaced by another connection (i.e. a user reconnected to a previous RDP session),,,,,,False,C:\lab\Tools\EvtxECmd\DC\Microsoft-Windows-TerminalServices-LocalSessionManager%4Operational.evtx,0x1000000000000000,0,"{""UserData"":{""EventXML"":{""Session"":""1"",""Reason"":""5""}}}"
101,101,2024-03-13 18:59:16.4212520,24,Info,Microsoft-Windows-TerminalServices-LocalSessionManager,Microsoft-Windows-TerminalServices-LocalSessionManager/Operational,700,856,dc.windomain.local,0,S-1-5-18,Remote Desktop Services: Session has been disconnected,WINDOMAIN\vagrant,LOCAL,Session ID: 1,,,,,,,False,C:\lab\Tools\EvtxECmd\DC\Microsoft-Windows-TerminalServices-LocalSessionManager%4Operational.evtx,0x1000000000000000,0,"{""UserData"":{""EventXML"":{""User"":""WINDOMAIN\\vagrant"",""SessionID"":""1"",""Address"":""LOCAL""}}}"
102,102,2024-03-13 18:59:16.4220857,40,Info,Microsoft-Windows-TerminalServices-LocalSessionManager,Microsoft-Windows-TerminalServices-LocalSessionManager/Operational,700,856,dc.windomain.local,0,S-1-5-18,"Session (PayloadData1) has been disconnected, reason code (PayloadData2)",,,Session: 2,Reason: No additional information is available (i.e. the user has closed RDP window),,,,,,False,C:\lab\Tools\EvtxECmd\DC\Microsoft-Windows-TerminalServices-LocalSessionManager%4Operational.evtx,0x1000000000000000,0,"{""UserData"":{""EventXML"":{""Session"":""2"",""Reason"":""0""}}}"
103,103,2024-03-13 18:59:16.6185022,40,Info,Microsoft-Windows-TerminalServices-LocalSessionManager,Microsoft-Windows-TerminalServices-LocalSessionManager/Operational,700,856,dc.windomain.local,0,S-1-5-18,"Session (PayloadData1) has been disconnected, reason code (PayloadData2)",,,Session: 1,Reason: The client's connection was replaced by another connection (i.e. a user reconnected to a previous RDP session),,,,,,False,C:\lab\Tools\EvtxECmd\DC\Microsoft-Windows-TerminalServices-LocalSessionManager%4Operational.evtx,0x1000000000000000,0,"{""UserData"":{""EventXML"":{""Session"":""1"",""Reason"":""5""}}}"
104,104,2024-03-13 18:59:17.0684228,25,Info,Microsoft-Windows-TerminalServices-LocalSessionManager,Microsoft-Windows-TerminalServices-LocalSessionManager/Operational,700,856,dc.windomain.local,0,S-1-5-18,Remote Desktop Services: Session reconnection succeeded,WINDOMAIN\vagrant,192.168.0.155,Session ID: 1,,,,,,,False,C:\lab\Tools\EvtxECmd\DC\Microsoft-Windows-TerminalServices-LocalSessionManager%4Operational.evtx,0x1000000000000000,0,"{""UserData"":{""EventXML"":{""User"":""WINDOMAIN\\vagrant"",""SessionID"":""1"",""Address"":""192.168.0.155""}}}"
105,105,2024-03-13 18:59:17.0699601,42,Info,Microsoft-Windows-TerminalServices-LocalSessionManager,Microsoft-Windows-TerminalServices-LocalSessionManager/Operational,700,992,dc.windomain.local,0,S-1-5-18,,,,,,,,,,,False,C:\lab\Tools\EvtxECmd\DC\Microsoft-Windows-TerminalServices-LocalSessionManager%4Operational.evtx,0x1000000000000000,0,"{""UserData"":{""EventXML"":{""User"":""WINDOMAIN\\vagrant"",""SessionID"":""2""}}}"
106,106,2024-03-13 18:59:21.7971741,40,Info,Microsoft-Windows-TerminalServices-LocalSessionManager,Microsoft-Windows-TerminalServices-LocalSessionManager/Operational,700,992,dc.windomain.local,0,S-1-5-18,"Session (PayloadData1) has been disconnected, reason code (PayloadData2)",,,Session: 1,Reason: No additional information is available (i.e. the user has closed RDP window),,,,,,False,C:\lab\Tools\EvtxECmd\DC\Microsoft-Windows-TerminalServices-LocalSessionManager%4Operational.evtx,0x1000000000000000,0,"{""UserData"":{""EventXML"":{""Session"":""1"",""Reason"":""0""}}}"
107,107,2024-03-13 18:59:24.0108084,24,Info,Microsoft-Windows-TerminalServices-LocalSessionManager,Microsoft-Windows-TerminalServices-LocalSessionManager/Operational,700,992,dc.windomain.local,0,S-1-5-18,Remote Desktop Services: Session has been disconnected,WINDOMAIN\vagrant,192.168.0.155,Session ID: 1,,,,,,,False,C:\lab\Tools\EvtxECmd\DC\Microsoft-Windows-TerminalServices-LocalSessionManager%4Operational.evtx,0x1000000000000000,0,"{""UserData"":{""EventXML"":{""User"":""WINDOMAIN\\vagrant"",""SessionID"":""1"",""Address"":""192.168.0.155""}}}"
108,108,2024-03-13 19:01:49.0075540,41,Info,Microsoft-Windows-TerminalServices-LocalSessionManager,Microsoft-Windows-TerminalServices-LocalSessionManager/Operational,700,3796,dc.windomain.local,0,S-1-5-18,RDP Begin session arbitration,,,Target: WINDOMAIN\vagrant,Session ID: 2,,,,ActivityID: f4208d50-e185-4423-9d56-69c3ddb60000,,False,C:\lab\Tools\EvtxECmd\DC\Microsoft-Windows-TerminalServices-LocalSessionManager%4Operational.evtx,0x1000000000000000,0,"{""UserData"":{""EventXML"":{""User"":""WINDOMAIN\\vagrant"",""SessionID"":""2""}}}"
109,109,2024-03-13 19:01:49.0136736,40,Info,Microsoft-Windows-TerminalServices-LocalSessionManager,Microsoft-Windows-TerminalServices-LocalSessionManager/Operational,700,2716,dc.windomain.local,0,S-1-5-18,"Session (PayloadData1) has been disconnected, reason code (PayloadData2)",,,Session: 2,Reason: No additional information is available (i.e. the user has closed RDP window),,,,,,False,C:\lab\Tools\EvtxECmd\DC\Microsoft-Windows-TerminalServices-LocalSessionManager%4Operational.evtx,0x1000000000000000,0,"{""UserData"":{""EventXML"":{""Session"":""2"",""Reason"":""0""}}}"
110,110,2024-03-13 19:01:49.2949202,40,Info,Microsoft-Windows-TerminalServices-LocalSessionManager,Microsoft-Windows-TerminalServices-LocalSessionManager/Operational,700,2716,dc.windomain.local,0,S-1-5-18,"Session (PayloadData1) has been disconnected, reason code (PayloadData2)",,,Session: 1,Reason: The client's connection was replaced by another connection (i.e. a user reconnected to a previous RDP session),,,,,,False,C:\lab\Tools\EvtxECmd\DC\Microsoft-Windows-TerminalServices-LocalSessionManager%4Operational.evtx,0x1000000000000000,0,"{""UserData"":{""EventXML"":{""Session"":""1"",""Reason"":""5""}}}"
111,111,2024-03-13 19:01:49.7106834,25,Info,Microsoft-Windows-TerminalServices-LocalSessionManager,Microsoft-Windows-TerminalServices-LocalSessionManager/Operational,700,2716,dc.windomain.local,0,S-1-5-18,Remote Desktop Services: Session reconnection succeeded,WINDOMAIN\vagrant,216.196.164.236,Session ID: 1,,,,,,,False,C:\lab\Tools\EvtxECmd\DC\Microsoft-Windows-TerminalServices-LocalSessionManager%4Operational.evtx,0x1000000000000000,0,"{""UserData"":{""EventXML"":{""User"":""WINDOMAIN\\vagrant"",""SessionID"":""1"",""Address"":""216.196.164.236""}}}"
112,112,2024-03-13 19:01:49.7113594,42,Info,Microsoft-Windows-TerminalServices-LocalSessionManager,Microsoft-Windows-TerminalServices-LocalSessionManager/Operational,700,3796,dc.windomain.local,0,S-1-5-18,,,,,,,,,,,False,C:\lab\Tools\EvtxECmd\DC\Microsoft-Windows-TerminalServices-LocalSessionManager%4Operational.evtx,0x1000000000000000,0,"{""UserData"":{""EventXML"":{""User"":""WINDOMAIN\\vagrant"",""SessionID"":""2""}}}"
113,113,2024-03-13 19:02:14.6638920,23,Info,Microsoft-Windows-TerminalServices-LocalSessionManager,Microsoft-Windows-TerminalServices-LocalSessionManager/Operational,700,3704,dc.windomain.local,0,S-1-5-18,Remote Desktop Services: Session logoff succeeded,WINDOMAIN\vagrant,,Session ID: 1,,,,,,,False,C:\lab\Tools\EvtxECmd\DC\Microsoft-Windows-TerminalServices-LocalSessionManager%4Operational.evtx,0x1000000000000000,0,"{""UserData"":{""EventXML"":{""User"":""WINDOMAIN\\vagrant"",""SessionID"":""1""}}}"
114,114,2024-03-13 19:02:14.8710725,40,Info,Microsoft-Windows-TerminalServices-LocalSessionManager,Microsoft-Windows-TerminalServices-LocalSessionManager/Operational,700,3708,dc.windomain.local,0,S-1-5-18,"Session (PayloadData1) has been disconnected, reason code (PayloadData2)",,,Session: 1,Reason: The disconnection was initiated by the user logging off his or her session on the server,,,,,,False,C:\lab\Tools\EvtxECmd\DC\Microsoft-Windows-TerminalServices-LocalSessionManager%4Operational.evtx,0x1000000000000000,0,"{""UserData"":{""EventXML"":{""Session"":""1"",""Reason"":""12""}}}"
115,115,2024-03-13 19:02:14.9366026,24,Info,Microsoft-Windows-TerminalServices-LocalSessionManager,Microsoft-Windows-TerminalServices-LocalSessionManager/Operational,700,3708,dc.windomain.local,0,S-1-5-18,Remote Desktop Services: Session has been disconnected,WINDOMAIN\vagrant,216.196.164.236,Session ID: 1,,,,,,,False,C:\lab\Tools\EvtxECmd\DC\Microsoft-Windows-TerminalServices-LocalSessionManager%4Operational.evtx,0x1000000000000000,0,"{""UserData"":{""EventXML"":{""User"":""WINDOMAIN\\vagrant"",""SessionID"":""1"",""Address"":""216.196.164.236""}}}"
116,116,2024-03-13 19:02:57.5195372,41,Info,Microsoft-Windows-TerminalServices-LocalSessionManager,Microsoft-Windows-TerminalServices-LocalSessionManager/Operational,700,3708,dc.windomain.local,0,S-1-5-18,RDP Begin session arbitration,,,Target: WINDOMAIN\vagrant,Session ID: 3,,,,ActivityID: 61a55000-55e5-1017-0000-000000000000,,False,C:\lab\Tools\EvtxECmd\DC\Microsoft-Windows-TerminalServices-LocalSessionManager%4Operational.evtx,0x1000000000000000,0,"{""UserData"":{""EventXML"":{""User"":""WINDOMAIN\\vagrant"",""SessionID"":""3""}}}"
117,117,2024-03-13 19:02:57.5225698,42,Info,Microsoft-Windows-TerminalServices-LocalSessionManager,Microsoft-Windows-TerminalServices-LocalSessionManager/Operational,700,3708,dc.windomain.local,0,S-1-5-18,,,,,,,,,,,False,C:\lab\Tools\EvtxECmd\DC\Microsoft-Windows-TerminalServices-LocalSessionManager%4Operational.evtx,0x1000000000000000,0,"{""UserData"":{""EventXML"":{""User"":""WINDOMAIN\\vagrant"",""SessionID"":""3""}}}"
118,118,2024-03-13 19:02:57.6672617,21,Info,Microsoft-Windows-TerminalServices-LocalSessionManager,Microsoft-Windows-TerminalServices-LocalSessionManager/Operational,700,3796,dc.windomain.local,0,S-1-5-18,Remote Desktop Services: Session logon succeeded,WINDOMAIN\vagrant,LOCAL,Session ID: 3,,,,,,,False,C:\lab\Tools\EvtxECmd\DC\Microsoft-Windows-TerminalServices-LocalSessionManager%4Operational.evtx,0x1000000000000000,0,"{""UserData"":{""EventXML"":{""User"":""WINDOMAIN\\vagrant"",""SessionID"":""3"",""Address"":""LOCAL""}}}"
119,119,2024-03-13 19:02:57.7919674,22,Info,Microsoft-Windows-TerminalServices-LocalSessionManager,Microsoft-Windows-TerminalServices-LocalSessionManager/Operational,700,992,dc.windomain.local,0,S-1-5-18,Remote Desktop Services: Shell start notification received,WINDOMAIN\vagrant,LOCAL,,,,,,,,False,C:\lab\Tools\EvtxECmd\DC\Microsoft-Windows-TerminalServices-LocalSessionManager%4Operational.evtx,0x1000000000000000,0,"{""UserData"":{""EventXML"":{""User"":""WINDOMAIN\\vagrant"",""SessionID"":""3"",""Address"":""LOCAL""}}}"
120,120,2024-03-13 19:23:09.9500688,41,Info,Microsoft-Windows-TerminalServices-LocalSessionManager,Microsoft-Windows-TerminalServices-LocalSessionManager/Operational,700,3600,dc.windomain.local,0,S-1-5-18,RDP Begin session arbitration,,,Target: WINDOMAIN\vagrant,Session ID: 2,,,,ActivityID: f42074dd-aa05-41e6-9899-61c018cd0000,,False,C:\lab\Tools\EvtxECmd\DC\Microsoft-Windows-TerminalServices-LocalSessionManager%4Operational.evtx,0x1000000000000000,0,"{""UserData"":{""EventXML"":{""User"":""WINDOMAIN\\vagrant"",""SessionID"":""2""}}}"
121,121,2024-03-13 19:23:09.9550502,40,Info,Microsoft-Windows-TerminalServices-LocalSessionManager,Microsoft-Windows-TerminalServices-LocalSessionManager/Operational,700,4752,dc.windomain.local,0,S-1-5-18,"Session (PayloadData1) has been disconnected, reason code (PayloadData2)",,,Session: 3,Reason: The client's connection was replaced by another connection (i.e. a user reconnected to a previous RDP session),,,,,,False,C:\lab\Tools\EvtxECmd\DC\Microsoft-Windows-TerminalServices-LocalSessionManager%4Operational.evtx,0x1000000000000000,0,"{""UserData"":{""EventXML"":{""Session"":""3"",""Reason"":""5""}}}"
122,122,2024-03-13 19:23:10.0712266,24,Info,Microsoft-Windows-TerminalServices-LocalSessionManager,Microsoft-Windows-TerminalServices-LocalSessionManager/Operational,700,4752,dc.windomain.local,0,S-1-5-18,Remote Desktop Services: Session has been disconnected,WINDOMAIN\vagrant,LOCAL,Session ID: 3,,,,,,,False,C:\lab\Tools\EvtxECmd\DC\Microsoft-Windows-TerminalServices-LocalSessionManager%4Operational.evtx,0x1000000000000000,0,"{""UserData"":{""EventXML"":{""User"":""WINDOMAIN\\vagrant"",""SessionID"":""3"",""Address"":""LOCAL""}}}"
123,123,2024-03-13 19:23:10.0722871,40,Info,Microsoft-Windows-TerminalServices-LocalSessionManager,Microsoft-Windows-TerminalServices-LocalSessionManager/Operational,700,4752,dc.windomain.local,0,S-1-5-18,"Session (PayloadData1) has been disconnected, reason code (PayloadData2)",,,Session: 2,Reason: No additional information is available (i.e. the user has closed RDP window),,,,,,False,C:\lab\Tools\EvtxECmd\DC\Microsoft-Windows-TerminalServices-LocalSessionManager%4Operational.evtx,0x1000000000000000,0,"{""UserData"":{""EventXML"":{""Session"":""2"",""Reason"":""0""}}}"
124,124,2024-03-13 19:23:10.3735027,40,Info,Microsoft-Windows-TerminalServices-LocalSessionManager,Microsoft-Windows-TerminalServices-LocalSessionManager/Operational,700,4752,dc.windomain.local,0,S-1-5-18,"Session (PayloadData1) has been disconnected, reason code (PayloadData2)",,,Session: 3,Reason: The client's connection was replaced by another connection (i.e. a user reconnected to a previous RDP session),,,,,,False,C:\lab\Tools\EvtxECmd\DC\Microsoft-Windows-TerminalServices-LocalSessionManager%4Operational.evtx,0x1000000000000000,0,"{""UserData"":{""EventXML"":{""Session"":""3"",""Reason"":""5""}}}"
125,125,2024-03-13 19:23:10.8961480,25,Info,Microsoft-Windows-TerminalServices-LocalSessionManager,Microsoft-Windows-TerminalServices-LocalSessionManager/Operational,700,4752,dc.windomain.local,0,S-1-5-18,Remote Desktop Services: Session reconnection succeeded,WINDOMAIN\vagrant,216.196.164.236,Session ID: 3,,,,,,,False,C:\lab\Tools\EvtxECmd\DC\Microsoft-Windows-TerminalServices-LocalSessionManager%4Operational.evtx,0x1000000000000000,0,"{""UserData"":{""EventXML"":{""User"":""WINDOMAIN\\vagrant"",""SessionID"":""3"",""Address"":""216.196.164.236""}}}"
126,126,2024-03-13 19:23:10.8964633,42,Info,Microsoft-Windows-TerminalServices-LocalSessionManager,Microsoft-Windows-TerminalServices-LocalSessionManager/Operational,700,3600,dc.windomain.local,0,S-1-5-18,,,,,,,,,,,False,C:\lab\Tools\EvtxECmd\DC\Microsoft-Windows-TerminalServices-LocalSessionManager%4Operational.evtx,0x1000000000000000,0,"{""UserData"":{""EventXML"":{""User"":""WINDOMAIN\\vagrant"",""SessionID"":""2""}}}"
127,127,2024-03-13 19:23:48.4136951,41,Info,Microsoft-Windows-TerminalServices-LocalSessionManager,Microsoft-Windows-TerminalServices-LocalSessionManager/Operational,700,1196,dc.windomain.local,0,S-1-5-18,RDP Begin session arbitration,,,Target: WINDOMAIN\vagrant,Session ID: 4,,,,ActivityID: 61a55000-55e5-1017-0000-000000000000,,False,C:\lab\Tools\EvtxECmd\DC\Microsoft-Windows-TerminalServices-LocalSessionManager%4Operational.evtx,0x1000000000000000,0,"{""UserData"":{""EventXML"":{""User"":""WINDOMAIN\\vagrant"",""SessionID"":""4""}}}"
128,128,2024-03-13 19:23:48.4178352,40,Info,Microsoft-Windows-TerminalServices-LocalSessionManager,Microsoft-Windows-TerminalServices-LocalSessionManager/Operational,700,4072,dc.windomain.local,0,S-1-5-18,"Session (PayloadData1) has been disconnected, reason code (PayloadData2)",,,Session: 3,Reason: The client's connection was replaced by another connection (i.e. a user reconnected to a previous RDP session),,,,,,False,C:\lab\Tools\EvtxECmd\DC\Microsoft-Windows-TerminalServices-LocalSessionManager%4Operational.evtx,0x1000000000000000,0,"{""UserData"":{""EventXML"":{""Session"":""3"",""Reason"":""5""}}}"
129,129,2024-03-13 19:23:48.6809892,24,Info,Microsoft-Windows-TerminalServices-LocalSessionManager,Microsoft-Windows-TerminalServices-LocalSessionManager/Operational,700,4072,dc.windomain.local,0,S-1-5-18,Remote Desktop Services: Session has been disconnected,WINDOMAIN\vagrant,216.196.164.236,Session ID: 3,,,,,,,False,C:\lab\Tools\EvtxECmd\DC\Microsoft-Windows-TerminalServices-LocalSessionManager%4Operational.evtx,0x1000000000000000,0,"{""UserData"":{""EventXML"":{""User"":""WINDOMAIN\\vagrant"",""SessionID"":""3"",""Address"":""216.196.164.236""}}}"
130,130,2024-03-13 19:23:48.6819334,40,Info,Microsoft-Windows-TerminalServices-LocalSessionManager,Microsoft-Windows-TerminalServices-LocalSessionManager/Operational,700,4072,dc.windomain.local,0,S-1-5-18,"Session (PayloadData1) has been disconnected, reason code (PayloadData2)",,,Session: 4,Reason: No additional information is available (i.e. the user has closed RDP window),,,,,,False,C:\lab\Tools\EvtxECmd\DC\Microsoft-Windows-TerminalServices-LocalSessionManager%4Operational.evtx,0x1000000000000000,0,"{""UserData"":{""EventXML"":{""Session"":""4"",""Reason"":""0""}}}"
131,131,2024-03-13 19:23:48.7308698,40,Info,Microsoft-Windows-TerminalServices-LocalSessionManager,Microsoft-Windows-TerminalServices-LocalSessionManager/Operational,700,4072,dc.windomain.local,0,S-1-5-18,"Session (PayloadData1) has been disconnected, reason code (PayloadData2)",,,Session: 3,Reason: The client's connection was replaced by another connection (i.e. a user reconnected to a previous RDP session),,,,,,False,C:\lab\Tools\EvtxECmd\DC\Microsoft-Windows-TerminalServices-LocalSessionManager%4Operational.evtx,0x1000000000000000,0,"{""UserData"":{""EventXML"":{""Session"":""3"",""Reason"":""5""}}}"
132,132,2024-03-13 19:23:48.9520692,25,Info,Microsoft-Windows-TerminalServices-LocalSessionManager,Microsoft-Windows-TerminalServices-LocalSessionManager/Operational,700,4072,dc.windomain.local,0,S-1-5-18,Remote Desktop Services: Session reconnection succeeded,WINDOMAIN\vagrant,LOCAL,Session ID: 3,,,,,,,False,C:\lab\Tools\EvtxECmd\DC\Microsoft-Windows-TerminalServices-LocalSessionManager%4Operational.evtx,0x1000000000000000,0,"{""UserData"":{""EventXML"":{""User"":""WINDOMAIN\\vagrant"",""SessionID"":""3"",""Address"":""LOCAL""}}}"
133,133,2024-03-13 19:23:48.9523220,42,Info,Microsoft-Windows-TerminalServices-LocalSessionManager,Microsoft-Windows-TerminalServices-LocalSessionManager/Operational,700,1196,dc.windomain.local,0,S-1-5-18,,,,,,,,,,,False,C:\lab\Tools\EvtxECmd\DC\Microsoft-Windows-TerminalServices-LocalSessionManager%4Operational.evtx,0x1000000000000000,0,"{""UserData"":{""EventXML"":{""User"":""WINDOMAIN\\vagrant"",""SessionID"":""4""}}}"
134,134,2024-03-13 19:25:26.6247416,32,Info,Microsoft-Windows-TerminalServices-LocalSessionManager,Microsoft-Windows-TerminalServices-LocalSessionManager/Operational,708,816,dc.windomain.local,0,S-1-5-18,,,,,,,,,,,False,C:\lab\Tools\EvtxECmd\DC\Microsoft-Windows-TerminalServices-LocalSessionManager%4Operational.evtx,0x1000000000000000,0,"{""UserData"":{""EventXML"":{""messageName"":""RDSAppXPlugin""}}}"
135,135,2024-03-13 19:31:34.7955284,32,Info,Microsoft-Windows-TerminalServices-LocalSessionManager,Microsoft-Windows-TerminalServices-LocalSessionManager/Operational,780,880,dc.windomain.local,0,S-1-5-18,,,,,,,,,,,False,C:\lab\Tools\EvtxECmd\DC\Microsoft-Windows-TerminalServices-LocalSessionManager%4Operational.evtx,0x1000000000000000,0,"{""UserData"":{""EventXML"":{""messageName"":""RDSAppXPlugin""}}}"
136,136,2024-03-13 19:32:48.2964849,41,Info,Microsoft-Windows-TerminalServices-LocalSessionManager,Microsoft-Windows-TerminalServices-LocalSessionManager/Operational,780,916,dc.windomain.local,0,S-1-5-18,RDP Begin session arbitration,,,Target: WINDOMAIN\vagrant,Session ID: 1,,,,ActivityID: 61a55000-55e5-1017-0000-000000000000,,False,C:\lab\Tools\EvtxECmd\DC\Microsoft-Windows-TerminalServices-LocalSessionManager%4Operational.evtx,0x1000000000000000,0,"{""UserData"":{""EventXML"":{""User"":""WINDOMAIN\\vagrant"",""SessionID"":""1""}}}"
137,137,2024-03-13 19:32:48.3005169,42,Info,Microsoft-Windows-TerminalServices-LocalSessionManager,Microsoft-Windows-TerminalServices-LocalSessionManager/Operational,780,916,dc.windomain.local,0,S-1-5-18,,,,,,,,,,,False,C:\lab\Tools\EvtxECmd\DC\Microsoft-Windows-TerminalServices-LocalSessionManager%4Operational.evtx,0x1000000000000000,0,"{""UserData"":{""EventXML"":{""User"":""WINDOMAIN\\vagrant"",""SessionID"":""1""}}}"
138,138,2024-03-13 19:32:48.5193614,21,Info,Microsoft-Windows-TerminalServices-LocalSessionManager,Microsoft-Windows-TerminalServices-LocalSessionManager/Operational,780,916,dc.windomain.local,0,S-1-5-18,Remote Desktop Services: Session logon succeeded,WINDOMAIN\vagrant,LOCAL,Session ID: 1,,,,,,,False,C:\lab\Tools\EvtxECmd\DC\Microsoft-Windows-TerminalServices-LocalSessionManager%4Operational.evtx,0x1000000000000000,0,"{""UserData"":{""EventXML"":{""User"":""WINDOMAIN\\vagrant"",""SessionID"":""1"",""Address"":""LOCAL""}}}"
139,139,2024-03-13 19:32:48.8236166,22,Info,Microsoft-Windows-TerminalServices-LocalSessionManager,Microsoft-Windows-TerminalServices-LocalSessionManager/Operational,780,956,dc.windomain.local,0,S-1-5-18,Remote Desktop Services: Shell start notification received,WINDOMAIN\vagrant,LOCAL,,,,,,,,False,C:\lab\Tools\EvtxECmd\DC\Microsoft-Windows-TerminalServices-LocalSessionManager%4Operational.evtx,0x1000000000000000,0,"{""UserData"":{""EventXML"":{""User"":""WINDOMAIN\\vagrant"",""SessionID"":""1"",""Address"":""LOCAL""}}}"
140,140,2024-03-13 19:44:03.5874714,32,Info,Microsoft-Windows-TerminalServices-LocalSessionManager,Microsoft-Windows-TerminalServices-LocalSessionManager/Operational,784,880,dc.windomain.local,0,S-1-5-18,,,,,,,,,,,False,C:\lab\Tools\EvtxECmd\DC\Microsoft-Windows-TerminalServices-LocalSessionManager%4Operational.evtx,0x1000000000000000,0,"{""UserData"":{""EventXML"":{""messageName"":""RDSAppXPlugin""}}}"
141,141,2024-03-13 19:45:16.9821869,41,Info,Microsoft-Windows-TerminalServices-LocalSessionManager,Microsoft-Windows-TerminalServices-LocalSessionManager/Operational,784,892,dc.windomain.local,0,S-1-5-18,RDP Begin session arbitration,,,Target: WINDOMAIN\vagrant,Session ID: 1,,,,ActivityID: 61a55000-55e5-1017-0000-000000000000,,False,C:\lab\Tools\EvtxECmd\DC\Microsoft-Windows-TerminalServices-LocalSessionManager%4Operational.evtx,0x1000000000000000,0,"{""UserData"":{""EventXML"":{""User"":""WINDOMAIN\\vagrant"",""SessionID"":""1""}}}"
142,142,2024-03-13 19:45:16.9860643,42,Info,Microsoft-Windows-TerminalServices-LocalSessionManager,Microsoft-Windows-TerminalServices-LocalSessionManager/Operational,784,892,dc.windomain.local,0,S-1-5-18,,,,,,,,,,,False,C:\lab\Tools\EvtxECmd\DC\Microsoft-Windows-TerminalServices-LocalSessionManager%4Operational.evtx,0x1000000000000000,0,"{""UserData"":{""EventXML"":{""User"":""WINDOMAIN\\vagrant"",""SessionID"":""1""}}}"
143,143,2024-03-13 19:45:17.2493048,21,Info,Microsoft-Windows-TerminalServices-LocalSessionManager,Microsoft-Windows-TerminalServices-LocalSessionManager/Operational,784,892,dc.windomain.local,0,S-1-5-18,Remote Desktop Services: Session logon succeeded,WINDOMAIN\vagrant,LOCAL,Session ID: 1,,,,,,,False,C:\lab\Tools\EvtxECmd\DC\Microsoft-Windows-TerminalServices-LocalSessionManager%4Operational.evtx,0x1000000000000000,0,"{""UserData"":{""EventXML"":{""User"":""WINDOMAIN\\vagrant"",""SessionID"":""1"",""Address"":""LOCAL""}}}"
144,144,2024-03-13 19:45:17.5358906,22,Info,Microsoft-Windows-TerminalServices-LocalSessionManager,Microsoft-Windows-TerminalServices-LocalSessionManager/Operational,784,816,dc.windomain.local,0,S-1-5-18,Remote Desktop Services: Shell start notification received,WINDOMAIN\vagrant,LOCAL,,,,,,,,False,C:\lab\Tools\EvtxECmd\DC\Microsoft-Windows-TerminalServices-LocalSessionManager%4Operational.evtx,0x1000000000000000,0,"{""UserData"":{""EventXML"":{""User"":""WINDOMAIN\\vagrant"",""SessionID"":""1"",""Address"":""LOCAL""}}}"
145,145,2024-03-13 19:50:12.7563281,41,Info,Microsoft-Windows-TerminalServices-LocalSessionManager,Microsoft-Windows-TerminalServices-LocalSessionManager/Operational,784,652,dc.windomain.local,0,S-1-5-18,RDP Begin session arbitration,,,Target: WINDOMAIN\vagrant,Session ID: 2,,,,ActivityID: f420d80f-1faf-4537-a4f4-6a6886150000,,False,C:\lab\Tools\EvtxECmd\DC\Microsoft-Windows-TerminalServices-LocalSessionManager%4Operational.evtx,0x1000000000000000,0,"{""UserData"":{""EventXML"":{""User"":""WINDOMAIN\\vagrant"",""SessionID"":""2""}}}"
146,146,2024-03-13 19:50:12.7610314,40,Info,Microsoft-Windows-TerminalServices-LocalSessionManager,Microsoft-Windows-TerminalServices-LocalSessionManager/Operational,784,2360,dc.windomain.local,0,S-1-5-18,"Session (PayloadData1) has been disconnected, reason code (PayloadData2)",,,Session: 1,Reason: The client's connection was replaced by another connection (i.e. a user reconnected to a previous RDP session),,,,,,False,C:\lab\Tools\EvtxECmd\DC\Microsoft-Windows-TerminalServices-LocalSessionManager%4Operational.evtx,0x1000000000000000,0,"{""UserData"":{""EventXML"":{""Session"":""1"",""Reason"":""5""}}}"
147,147,2024-03-13 19:50:12.8278677,24,Info,Microsoft-Windows-TerminalServices-LocalSessionManager,Microsoft-Windows-TerminalServices-LocalSessionManager/Operational,784,2360,dc.windomain.local,0,S-1-5-18,Remote Desktop Services: Session has been disconnected,WINDOMAIN\vagrant,LOCAL,Session ID: 1,,,,,,,False,C:\lab\Tools\EvtxECmd\DC\Microsoft-Windows-TerminalServices-LocalSessionManager%4Operational.evtx,0x1000000000000000,0,"{""UserData"":{""EventXML"":{""User"":""WINDOMAIN\\vagrant"",""SessionID"":""1"",""Address"":""LOCAL""}}}"
148,148,2024-03-13 19:50:12.8325513,40,Info,Microsoft-Windows-TerminalServices-LocalSessionManager,Microsoft-Windows-TerminalServices-LocalSessionManager/Operational,784,3848,dc.windomain.local,0,S-1-5-18,"Session (PayloadData1) has been disconnected, reason code (PayloadData2)",,,Session: 2,Reason: No additional information is available (i.e. the user has closed RDP window),,,,,,False,C:\lab\Tools\EvtxECmd\DC\Microsoft-Windows-TerminalServices-LocalSessionManager%4Operational.evtx,0x1000000000000000,0,"{""UserData"":{""EventXML"":{""Session"":""2"",""Reason"":""0""}}}"
149,149,2024-03-13 19:50:13.0229636,40,Info,Microsoft-Windows-TerminalServices-LocalSessionManager,Microsoft-Windows-TerminalServices-LocalSessionManager/Operational,784,3848,dc.windomain.local,0,S-1-5-18,"Session (PayloadData1) has been disconnected, reason code (PayloadData2)",,,Session: 1,Reason: The client's connection was replaced by another connection (i.e. a user reconnected to a previous RDP session),,,,,,False,C:\lab\Tools\EvtxECmd\DC\Microsoft-Windows-TerminalServices-LocalSessionManager%4Operational.evtx,0x1000000000000000,0,"{""UserData"":{""EventXML"":{""Session"":""1"",""Reason"":""5""}}}"
150,150,2024-03-13 19:50:13.3209699,25,Info,Microsoft-Windows-TerminalServices-LocalSessionManager,Microsoft-Windows-TerminalServices-LocalSessionManager/Operational,784,3848,dc.windomain.local,0,S-1-5-18,Remote Desktop Services: Session reconnection succeeded,WINDOMAIN\vagrant,216.196.164.236,Session ID: 1,,,,,,,False,C:\lab\Tools\EvtxECmd\DC\Microsoft-Windows-TerminalServices-LocalSessionManager%4Operational.evtx,0x1000000000000000,0,"{""UserData"":{""EventXML"":{""User"":""WINDOMAIN\\vagrant"",""SessionID"":""1"",""Address"":""216.196.164.236""}}}"
151,151,2024-03-13 19:50:13.3226967,42,Info,Microsoft-Windows-TerminalServices-LocalSessionManager,Microsoft-Windows-TerminalServices-LocalSessionManager/Operational,784,652,dc.windomain.local,0,S-1-5-18,,,,,,,,,,,False,C:\lab\Tools\EvtxECmd\DC\Microsoft-Windows-TerminalServices-LocalSessionManager%4Operational.evtx,0x1000000000000000,0,"{""UserData"":{""EventXML"":{""User"":""WINDOMAIN\\vagrant"",""SessionID"":""2""}}}"
152,152,2024-03-13 19:50:29.9632675,41,Info,Microsoft-Windows-TerminalServices-LocalSessionManager,Microsoft-Windows-TerminalServices-LocalSessionManager/Operational,784,4124,dc.windomain.local,0,S-1-5-18,RDP Begin session arbitration,,,Target: WINDOMAIN\vagrant,Session ID: 3,,,,ActivityID: 61a55000-55e5-1017-0000-000000000000,,False,C:\lab\Tools\EvtxECmd\DC\Microsoft-Windows-TerminalServices-LocalSessionManager%4Operational.evtx,0x1000000000000000,0,"{""UserData"":{""EventXML"":{""User"":""WINDOMAIN\\vagrant"",""SessionID"":""3""}}}"
153,153,2024-03-13 19:50:29.9668898,40,Info,Microsoft-Windows-TerminalServices-LocalSessionManager,Microsoft-Windows-TerminalServices-LocalSessionManager/Operational,784,2360,dc.windomain.local,0,S-1-5-18,"Session (PayloadData1) has been disconnected, reason code (PayloadData2)",,,Session: 1,Reason: The client's connection was replaced by another connection (i.e. a user reconnected to a previous RDP session),,,,,,False,C:\lab\Tools\EvtxECmd\DC\Microsoft-Windows-TerminalServices-LocalSessionManager%4Operational.evtx,0x1000000000000000,0,"{""UserData"":{""EventXML"":{""Session"":""1"",""Reason"":""5""}}}"
154,154,2024-03-13 19:50:30.2162412,24,Info,Microsoft-Windows-TerminalServices-LocalSessionManager,Microsoft-Windows-TerminalServices-LocalSessionManager/Operational,784,2360,dc.windomain.local,0,S-1-5-18,Remote Desktop Services: Session has been disconnected,WINDOMAIN\vagrant,216.196.164.236,Session ID: 1,,,,,,,False,C:\lab\Tools\EvtxECmd\DC\Microsoft-Windows-TerminalServices-LocalSessionManager%4Operational.evtx,0x1000000000000000,0,"{""UserData"":{""EventXML"":{""User"":""WINDOMAIN\\vagrant"",""SessionID"":""1"",""Address"":""216.196.164.236""}}}"
155,155,2024-03-13 19:50:30.2178055,40,Info,Microsoft-Windows-TerminalServices-LocalSessionManager,Microsoft-Windows-TerminalServices-LocalSessionManager/Operational,784,2360,dc.windomain.local,0,S-1-5-18,"Session (PayloadData1) has been disconnected, reason code (PayloadData2)",,,Session: 3,Reason: No additional information is available (i.e. the user has closed RDP window),,,,,,False,C:\lab\Tools\EvtxECmd\DC\Microsoft-Windows-TerminalServices-LocalSessionManager%4Operational.evtx,0x1000000000000000,0,"{""UserData"":{""EventXML"":{""Session"":""3"",""Reason"":""0""}}}"
156,156,2024-03-13 19:50:30.2712770,40,Info,Microsoft-Windows-TerminalServices-LocalSessionManager,Microsoft-Windows-TerminalServices-LocalSessionManager/Operational,784,2360,dc.windomain.local,0,S-1-5-18,"Session (PayloadData1) has been disconnected, reason code (PayloadData2)",,,Session: 1,Reason: The client's connection was replaced by another connection (i.e. a user reconnected to a previous RDP session),,,,,,False,C:\lab\Tools\EvtxECmd\DC\Microsoft-Windows-TerminalServices-LocalSessionManager%4Operational.evtx,0x1000000000000000,0,"{""UserData"":{""EventXML"":{""Session"":""1"",""Reason"":""5""}}}"
157,157,2024-03-13 19:50:30.5033613,25,Info,Microsoft-Windows-TerminalServices-LocalSessionManager,Microsoft-Windows-TerminalServices-LocalSessionManager/Operational,784,2360,dc.windomain.local,0,S-1-5-18,Remote Desktop Services: Session reconnection succeeded,WINDOMAIN\vagrant,LOCAL,Session ID: 1,,,,,,,False,C:\lab\Tools\EvtxECmd\DC\Microsoft-Windows-TerminalServices-LocalSessionManager%4Operational.evtx,0x1000000000000000,0,"{""UserData"":{""EventXML"":{""User"":""WINDOMAIN\\vagrant"",""SessionID"":""1"",""Address"":""LOCAL""}}}"
158,158,2024-03-13 19:50:30.5037886,42,Info,Microsoft-Windows-TerminalServices-LocalSessionManager,Microsoft-Windows-TerminalServices-LocalSessionManager/Operational,784,4124,dc.windomain.local,0,S-1-5-18,,,,,,,,,,,False,C:\lab\Tools\EvtxECmd\DC\Microsoft-Windows-TerminalServices-LocalSessionManager%4Operational.evtx,0x1000000000000000,504,"{""UserData"":{""EventXML"":{""User"":""WINDOMAIN\\vagrant"",""SessionID"":""3""}}}"
159,159,2024-03-13 21:28:02.8939293,23,Info,Microsoft-Windows-TerminalServices-LocalSessionManager,Microsoft-Windows-TerminalServices-LocalSessionManager/Operational,784,4384,dc.windomain.local,0,S-1-5-18,Remote Desktop Services: Session logoff succeeded,WINDOMAIN\vagrant,,Session ID: 1,,,,,,,False,C:\lab\Tools\EvtxECmd\DC\Microsoft-Windows-TerminalServices-LocalSessionManager%4Operational.evtx,0x1000000000000000,0,"{""UserData"":{""EventXML"":{""User"":""WINDOMAIN\\vagrant"",""SessionID"":""1""}}}"
160,160,2024-03-13 21:28:02.9337154,39,Info,Microsoft-Windows-TerminalServices-LocalSessionManager,Microsoft-Windows-TerminalServices-LocalSessionManager/Operational,784,4984,dc.windomain.local,0,S-1-5-18,Session (PayloadData1) has been disconnected by session (PayloadData2),,,TargetSession: 1,Source: 1,,,,,,False,C:\lab\Tools\EvtxECmd\DC\Microsoft-Windows-TerminalServices-LocalSessionManager%4Operational.evtx,0x1000000000000000,0,"{""UserData"":{""EventXML"":{""TargetSession"":""1"",""Source"":""1""}}}"
161,161,2024-03-13 21:28:02.9337253,59,Info,Microsoft-Windows-TerminalServices-LocalSessionManager,Microsoft-Windows-TerminalServices-LocalSessionManager/Operational,784,4984,dc.windomain.local,0,S-1-5-18,,,,,,,,,,,False,C:\lab\Tools\EvtxECmd\DC\Microsoft-Windows-TerminalServices-LocalSessionManager%4Operational.evtx,0x1000000000000000,0,"{""ProcessingErrorData"":{""ErrorCode"":""15005"",""DataItemName"":""ClientProcessId"",""EventPayload"":""52-70-63-44-69-73-63-6F-6E-6E-65-63-74-00-77-00-69-00-6E-00-6C-00-6F-00-67-00-6F-00-6E-00-2E-00-65-00-78-00-65-00-00-00-01-00-00-00-10-02-00-00""}}"
162,162,2024-03-13 21:28:02.9337308,40,Info,Microsoft-Windows-TerminalServices-LocalSessionManager,Microsoft-Windows-TerminalServices-LocalSessionManager/Operational,784,4984,dc.windomain.local,0,S-1-5-18,"Session (PayloadData1) has been disconnected, reason code (PayloadData2)",,,Session: 1,Reason: The disconnection was initiated by the user disconnecting his or her session on the server or by an administrative tool on the server,,,,,,False,C:\lab\Tools\EvtxECmd\DC\Microsoft-Windows-TerminalServices-LocalSessionManager%4Operational.evtx,0x1000000000000000,0,"{""UserData"":{""EventXML"":{""Session"":""1"",""Reason"":""11""}}}"
163,163,2024-03-13 21:28:02.9714686,24,Info,Microsoft-Windows-TerminalServices-LocalSessionManager,Microsoft-Windows-TerminalServices-LocalSessionManager/Operational,784,4984,dc.windomain.local,0,S-1-5-18,Remote Desktop Services: Session has been disconnected,WINDOMAIN\vagrant,LOCAL,Session ID: 1,,,,,,,False,C:\lab\Tools\EvtxECmd\DC\Microsoft-Windows-TerminalServices-LocalSessionManager%4Operational.evtx,0x1000000000000000,0,"{""UserData"":{""EventXML"":{""User"":""WINDOMAIN\\vagrant"",""SessionID"":""1"",""Address"":""LOCAL""}}}"
164,164,2024-03-13 21:29:04.9584648,41,Info,Microsoft-Windows-TerminalServices-LocalSessionManager,Microsoft-Windows-TerminalServices-LocalSessionManager/Operational,784,6116,dc.windomain.local,0,S-1-5-18,RDP Begin session arbitration,,,Target: WINDOMAIN\admin.1,Session ID: 2,,,,ActivityID: 61a55000-55e5-1017-0000-000000000000,,False,C:\lab\Tools\EvtxECmd\DC\Microsoft-Windows-TerminalServices-LocalSessionManager%4Operational.evtx,0x1000000000000000,0,"{""UserData"":{""EventXML"":{""User"":""WINDOMAIN\\admin.1"",""SessionID"":""2""}}}"
165,165,2024-03-13 21:29:04.9627736,42,Info,Microsoft-Windows-TerminalServices-LocalSessionManager,Microsoft-Windows-TerminalServices-LocalSessionManager/Operational,784,6116,dc.windomain.local,0,S-1-5-18,,,,,,,,,,,False,C:\lab\Tools\EvtxECmd\DC\Microsoft-Windows-TerminalServices-LocalSessionManager%4Operational.evtx,0x1000000000000000,0,"{""UserData"":{""EventXML"":{""User"":""WINDOMAIN\\admin.1"",""SessionID"":""2""}}}"
166,166,2024-03-13 21:29:05.8470571,21,Info,Microsoft-Windows-TerminalServices-LocalSessionManager,Microsoft-Windows-TerminalServices-LocalSessionManager/Operational,784,6116,dc.windomain.local,0,S-1-5-18,Remote Desktop Services: Session logon succeeded,WINDOMAIN\admin.1,LOCAL,Session ID: 2,,,,,,,False,C:\lab\Tools\EvtxECmd\DC\Microsoft-Windows-TerminalServices-LocalSessionManager%4Operational.evtx,0x1000000000000000,0,"{""UserData"":{""EventXML"":{""User"":""WINDOMAIN\\admin.1"",""SessionID"":""2"",""Address"":""LOCAL""}}}"
167,167,2024-03-13 21:29:06.1255575,22,Info,Microsoft-Windows-TerminalServices-LocalSessionManager,Microsoft-Windows-TerminalServices-LocalSessionManager/Operational,784,5404,dc.windomain.local,0,S-1-5-18,Remote Desktop Services: Shell start notification received,WINDOMAIN\admin.1,LOCAL,,,,,,,,False,C:\lab\Tools\EvtxECmd\DC\Microsoft-Windows-TerminalServices-LocalSessionManager%4Operational.evtx,0x1000000000000000,0,"{""UserData"":{""EventXML"":{""User"":""WINDOMAIN\\admin.1"",""SessionID"":""2"",""Address"":""LOCAL""}}}"
168,168,2024-03-18 23:44:12.2719424,23,Info,Microsoft-Windows-TerminalServices-LocalSessionManager,Microsoft-Windows-TerminalServices-LocalSessionManager/Operational,784,1108,dc.windomain.local,0,S-1-5-18,Remote Desktop Services: Session logoff succeeded,WINDOMAIN\admin.1,,Session ID: 2,,,,,,,False,C:\lab\Tools\EvtxECmd\DC\Microsoft-Windows-TerminalServices-LocalSessionManager%4Operational.evtx,0x1000000000000000,0,"{""UserData"":{""EventXML"":{""User"":""WINDOMAIN\\admin.1"",""SessionID"":""2""}}}"
169,169,2024-03-18 23:44:12.3668300,54,Info,Microsoft-Windows-TerminalServices-LocalSessionManager,Microsoft-Windows-TerminalServices-LocalSessionManager/Operational,784,2848,dc.windomain.local,0,S-1-5-18,,,,,,,,,,,False,C:\lab\Tools\EvtxECmd\DC\Microsoft-Windows-TerminalServices-LocalSessionManager%4Operational.evtx,0x1000000000000000,0,"{""EventData"":""""}"
170,170,2024-03-18 23:45:08.0698295,32,Info,Microsoft-Windows-TerminalServices-LocalSessionManager,Microsoft-Windows-TerminalServices-LocalSessionManager/Operational,788,888,dc.windomain.local,0,S-1-5-18,,,,,,,,,,,False,C:\lab\Tools\EvtxECmd\DC\Microsoft-Windows-TerminalServices-LocalSessionManager%4Operational.evtx,0x1000000000000000,0,"{""UserData"":{""EventXML"":{""messageName"":""RDSAppXPlugin""}}}"
171,171,2024-03-18 23:45:55.0611688,41,Info,Microsoft-Windows-TerminalServices-LocalSessionManager,Microsoft-Windows-TerminalServices-LocalSessionManager/Operational,788,896,dc.windomain.local,0,S-1-5-18,RDP Begin session arbitration,,,Target: WINDOMAIN\vagrant,Session ID: 1,,,,ActivityID: 61a55000-55e5-1017-0000-000000000000,,False,C:\lab\Tools\EvtxECmd\DC\Microsoft-Windows-TerminalServices-LocalSessionManager%4Operational.evtx,0x1000000000000000,0,"{""UserData"":{""EventXML"":{""User"":""WINDOMAIN\\vagrant"",""SessionID"":""1""}}}"
172,172,2024-03-18 23:45:55.0654209,42,Info,Microsoft-Windows-TerminalServices-LocalSessionManager,Microsoft-Windows-TerminalServices-LocalSessionManager/Operational,788,896,dc.windomain.local,0,S-1-5-18,,,,,,,,,,,False,C:\lab\Tools\EvtxECmd\DC\Microsoft-Windows-TerminalServices-LocalSessionManager%4Operational.evtx,0x1000000000000000,0,"{""UserData"":{""EventXML"":{""User"":""WINDOMAIN\\vagrant"",""SessionID"":""1""}}}"
173,173,2024-03-18 23:45:55.3642575,21,Info,Microsoft-Windows-TerminalServices-LocalSessionManager,Microsoft-Windows-TerminalServices-LocalSessionManager/Operational,788,896,dc.windomain.local,0,S-1-5-18,Remote Desktop Services: Session logon succeeded,WINDOMAIN\vagrant,LOCAL,Session ID: 1,,,,,,,False,C:\lab\Tools\EvtxECmd\DC\Microsoft-Windows-TerminalServices-LocalSessionManager%4Operational.evtx,0x1000000000000000,0,"{""UserData"":{""EventXML"":{""User"":""WINDOMAIN\\vagrant"",""SessionID"":""1"",""Address"":""LOCAL""}}}"
174,174,2024-03-18 23:45:55.8874372,22,Info,Microsoft-Windows-TerminalServices-LocalSessionManager,Microsoft-Windows-TerminalServices-LocalSessionManager/Operational,788,980,dc.windomain.local,0,S-1-5-18,Remote Desktop Services: Shell start notification received,WINDOMAIN\vagrant,LOCAL,,,,,,,,False,C:\lab\Tools\EvtxECmd\DC\Microsoft-Windows-TerminalServices-LocalSessionManager%4Operational.evtx,0x1000000000000000,0,"{""UserData"":{""EventXML"":{""User"":""WINDOMAIN\\vagrant"",""SessionID"":""1"",""Address"":""LOCAL""}}}"
175,175,2024-03-18 23:46:06.3872864,23,Info,Microsoft-Windows-TerminalServices-LocalSessionManager,Microsoft-Windows-TerminalServices-LocalSessionManager/Operational,788,1016,dc.windomain.local,0,S-1-5-18,Remote Desktop Services: Session logoff succeeded,WINDOMAIN\vagrant,,Session ID: 1,,,,,,,False,C:\lab\Tools\EvtxECmd\DC\Microsoft-Windows-TerminalServices-LocalSessionManager%4Operational.evtx,0x1000000000000000,0,"{""UserData"":{""EventXML"":{""User"":""WINDOMAIN\\vagrant"",""SessionID"":""1""}}}"
176,176,2024-03-18 23:46:06.5136273,39,Info,Microsoft-Windows-TerminalServices-LocalSessionManager,Microsoft-Windows-TerminalServices-LocalSessionManager/Operational,788,980,dc.windomain.local,0,S-1-5-18,Session (PayloadData1) has been disconnected by session (PayloadData2),,,TargetSession: 1,Source: 1,,,,,,False,C:\lab\Tools\EvtxECmd\DC\Microsoft-Windows-TerminalServices-LocalSessionManager%4Operational.evtx,0x1000000000000000,0,"{""UserData"":{""EventXML"":{""TargetSession"":""1"",""Source"":""1""}}}"
177,177,2024-03-18 23:46:06.5136315,59,Info,Microsoft-Windows-TerminalServices-LocalSessionManager,Microsoft-Windows-TerminalServices-LocalSessionManager/Operational,788,980,dc.windomain.local,0,S-1-5-18,,,,,,,,,,,False,C:\lab\Tools\EvtxECmd\DC\Microsoft-Windows-TerminalServices-LocalSessionManager%4Operational.evtx,0x1000000000000000,0,"{""ProcessingErrorData"":{""ErrorCode"":""15005"",""DataItemName"":""ClientProcessId"",""EventPayload"":""52-70-63-44-69-73-63-6F-6E-6E-65-63-74-00-77-00-69-00-6E-00-6C-00-6F-00-67-00-6F-00-6E-00-2E-00-65-00-78-00-65-00-00-00-01-00-00-00-08-02-00-00""}}"
178,178,2024-03-18 23:46:06.5136338,40,Info,Microsoft-Windows-TerminalServices-LocalSessionManager,Microsoft-Windows-TerminalServices-LocalSessionManager/Operational,788,980,dc.windomain.local,0,S-1-5-18,"Session (PayloadData1) has been disconnected, reason code (PayloadData2)",,,Session: 1,Reason: The disconnection was initiated by the user disconnecting his or her session on the server or by an administrative tool on the server,,,,,,False,C:\lab\Tools\EvtxECmd\DC\Microsoft-Windows-TerminalServices-LocalSessionManager%4Operational.evtx,0x1000000000000000,0,"{""UserData"":{""EventXML"":{""Session"":""1"",""Reason"":""11""}}}"
179,179,2024-03-18 23:46:06.5624640,24,Info,Microsoft-Windows-TerminalServices-LocalSessionManager,Microsoft-Windows-TerminalServices-LocalSessionManager/Operational,788,980,dc.windomain.local,0,S-1-5-18,Remote Desktop Services: Session has been disconnected,WINDOMAIN\vagrant,LOCAL,Session ID: 1,,,,,,,False,C:\lab\Tools\EvtxECmd\DC\Microsoft-Windows-TerminalServices-LocalSessionManager%4Operational.evtx,0x1000000000000000,0,"{""UserData"":{""EventXML"":{""User"":""WINDOMAIN\\vagrant"",""SessionID"":""1"",""Address"":""LOCAL""}}}"
180,180,2024-03-18 23:46:41.0590298,41,Info,Microsoft-Windows-TerminalServices-LocalSessionManager,Microsoft-Windows-TerminalServices-LocalSessionManager/Operational,788,964,dc.windomain.local,0,S-1-5-18,RDP Begin session arbitration,,,Target: WINDOMAIN\admin.1,Session ID: 2,,,,ActivityID: 61a55000-55e5-1017-0000-000000000000,,False,C:\lab\Tools\EvtxECmd\DC\Microsoft-Windows-TerminalServices-LocalSessionManager%4Operational.evtx,0x1000000000000000,0,"{""UserData"":{""EventXML"":{""User"":""WINDOMAIN\\admin.1"",""SessionID"":""2""}}}"
181,181,2024-03-18 23:46:41.0642508,42,Info,Microsoft-Windows-TerminalServices-LocalSessionManager,Microsoft-Windows-TerminalServices-LocalSessionManager/Operational,788,964,dc.windomain.local,0,S-1-5-18,,,,,,,,,,,False,C:\lab\Tools\EvtxECmd\DC\Microsoft-Windows-TerminalServices-LocalSessionManager%4Operational.evtx,0x1000000000000000,0,"{""UserData"":{""EventXML"":{""User"":""WINDOMAIN\\admin.1"",""SessionID"":""2""}}}"
182,182,2024-03-18 23:46:41.3178881,21,Info,Microsoft-Windows-TerminalServices-LocalSessionManager,Microsoft-Windows-TerminalServices-LocalSessionManager/Operational,788,964,dc.windomain.local,0,S-1-5-18,Remote Desktop Services: Session logon succeeded,WINDOMAIN\admin.1,LOCAL,Session ID: 2,,,,,,,False,C:\lab\Tools\EvtxECmd\DC\Microsoft-Windows-TerminalServices-LocalSessionManager%4Operational.evtx,0x1000000000000000,0,"{""UserData"":{""EventXML"":{""User"":""WINDOMAIN\\admin.1"",""SessionID"":""2"",""Address"":""LOCAL""}}}"
183,183,2024-03-18 23:46:41.8159084,22,Info,Microsoft-Windows-TerminalServices-LocalSessionManager,Microsoft-Windows-TerminalServices-LocalSessionManager/Operational,788,980,dc.windomain.local,0,S-1-5-18,Remote Desktop Services: Shell start notification received,WINDOMAIN\admin.1,LOCAL,,,,,,,,False,C:\lab\Tools\EvtxECmd\DC\Microsoft-Windows-TerminalServices-LocalSessionManager%4Operational.evtx,0x1000000000000000,0,"{""UserData"":{""EventXML"":{""User"":""WINDOMAIN\\admin.1"",""SessionID"":""2"",""Address"":""LOCAL""}}}"
184,184,2024-03-19 01:05:15.3787437,40,Info,Microsoft-Windows-TerminalServices-LocalSessionManager,Microsoft-Windows-TerminalServices-LocalSessionManager/Operational,788,2396,dc.windomain.local,0,S-1-5-18,"Session (PayloadData1) has been disconnected, reason code (PayloadData2)",,,Session: 3,Reason: No additional information is available (i.e. the user has closed RDP window),,,,,,False,C:\lab\Tools\EvtxECmd\DC\Microsoft-Windows-TerminalServices-LocalSessionManager%4Operational.evtx,0x1000000000000000,0,"{""UserData"":{""EventXML"":{""Session"":""3"",""Reason"":""0""}}}"
185,185,2024-03-19 01:05:15.8220742,36,Error,Microsoft-Windows-TerminalServices-LocalSessionManager,Microsoft-Windows-TerminalServices-LocalSessionManager/Operational,788,8,dc.windomain.local,0,S-1-5-18,,,,,,,,,,,False,C:\lab\Tools\EvtxECmd\DC\Microsoft-Windows-TerminalServices-LocalSessionManager%4Operational.evtx,0x1000000000000000,0,"{""EventData"":{""Data"":[{""@Name"":""SessionId"",""#text"":""3""},{""@Name"":""State"",""#text"":""2""},{""@Name"":""StateName"",""#text"":""Connected""},{""@Name"":""Event"",""#text"":""3""},{""@Name"":""EventName"",""#text"":""EvConnected""},{""@Name"":""ErrorCode"",""#text"":""0x800708CA""}]}}"
186,186,2024-03-19 01:07:57.1611998,41,Info,Microsoft-Windows-TerminalServices-LocalSessionManager,Microsoft-Windows-TerminalServices-LocalSessionManager/Operational,788,1924,dc.windomain.local,0,S-1-5-18,RDP Begin session arbitration,,,Target: WINDOMAIN\administrator,Session ID: 3,,,,ActivityID: f420c090-22b2-444b-9898-f015de200000,,False,C:\lab\Tools\EvtxECmd\DC\Microsoft-Windows-TerminalServices-LocalSessionManager%4Operational.evtx,0x1000000000000000,0,"{""UserData"":{""EventXML"":{""User"":""WINDOMAIN\\administrator"",""SessionID"":""3""}}}"
187,187,2024-03-19 01:07:57.1744832,42,Info,Microsoft-Windows-TerminalServices-LocalSessionManager,Microsoft-Windows-TerminalServices-LocalSessionManager/Operational,788,1924,dc.windomain.local,0,S-1-5-18,,,,,,,,,,,False,C:\lab\Tools\EvtxECmd\DC\Microsoft-Windows-TerminalServices-LocalSessionManager%4Operational.evtx,0x1000000000000000,0,"{""UserData"":{""EventXML"":{""User"":""WINDOMAIN\\administrator"",""SessionID"":""3""}}}"
188,188,2024-03-19 01:07:58.6330137,21,Info,Microsoft-Windows-TerminalServices-LocalSessionManager,Microsoft-Windows-TerminalServices-LocalSessionManager/Operational,788,1924,dc.windomain.local,0,S-1-5-18,Remote Desktop Services: Session logon succeeded,WINDOMAIN\administrator,185.107.56.154,Session ID: 3,,,,,,,False,C:\lab\Tools\EvtxECmd\DC\Microsoft-Windows-TerminalServices-LocalSessionManager%4Operational.evtx,0x1000000000000000,0,"{""UserData"":{""EventXML"":{""User"":""WINDOMAIN\\administrator"",""SessionID"":""3"",""Address"":""185.107.56.154""}}}"
189,189,2024-03-19 01:07:58.9004297,22,Info,Microsoft-Windows-TerminalServices-LocalSessionManager,Microsoft-Windows-TerminalServices-LocalSessionManager/Operational,788,1924,dc.windomain.local,0,S-1-5-18,Remote Desktop Services: Shell start notification received,WINDOMAIN\administrator,185.107.56.154,,,,,,,,False,C:\lab\Tools\EvtxECmd\DC\Microsoft-Windows-TerminalServices-LocalSessionManager%4Operational.evtx,0x1000000000000000,0,"{""UserData"":{""EventXML"":{""User"":""WINDOMAIN\\administrator"",""SessionID"":""3"",""Address"":""185.107.56.154""}}}"
190,190,2024-03-19 01:44:36.5649323,40,Info,Microsoft-Windows-TerminalServices-LocalSessionManager,Microsoft-Windows-TerminalServices-LocalSessionManager/Operational,788,3948,dc.windomain.local,0,S-1-5-18,"Session (PayloadData1) has been disconnected, reason code (PayloadData2)",,,Session: 3,Reason: No additional information is available (i.e. the user has closed RDP window),,,,,,False,C:\lab\Tools\EvtxECmd\DC\Microsoft-Windows-TerminalServices-LocalSessionManager%4Operational.evtx,0x1000000000000000,0,"{""UserData"":{""EventXML"":{""Session"":""3"",""Reason"":""0""}}}"
191,191,2024-03-19 01:44:36.7184237,24,Info,Microsoft-Windows-TerminalServices-LocalSessionManager,Microsoft-Windows-TerminalServices-LocalSessionManager/Operational,788,3948,dc.windomain.local,0,S-1-5-18,Remote Desktop Services: Session has been disconnected,WINDOMAIN\administrator,185.107.56.154,Session ID: 3,,,,,,,False,C:\lab\Tools\EvtxECmd\DC\Microsoft-Windows-TerminalServices-LocalSessionManager%4Operational.evtx,0x1000000000000000,0,"{""UserData"":{""EventXML"":{""User"":""WINDOMAIN\\administrator"",""SessionID"":""3"",""Address"":""185.107.56.154""}}}"
192,192,2024-03-19 01:45:13.6672009,41,Info,Microsoft-Windows-TerminalServices-LocalSessionManager,Microsoft-Windows-TerminalServices-LocalSessionManager/Operational,788,6680,dc.windomain.local,0,S-1-5-18,RDP Begin session arbitration,,,Target: WINDOMAIN\administrator,Session ID: 4,,,,ActivityID: f420ecfa-78fc-41ac-8097-342cc1650000,,False,C:\lab\Tools\EvtxECmd\DC\Microsoft-Windows-TerminalServices-LocalSessionManager%4Operational.evtx,0x1000000000000000,0,"{""UserData"":{""EventXML"":{""User"":""WINDOMAIN\\administrator"",""SessionID"":""4""}}}"
193,193,2024-03-19 01:45:13.6733781,40,Info,Microsoft-Windows-TerminalServices-LocalSessionManager,Microsoft-Windows-TerminalServices-LocalSessionManager/Operational,788,3024,dc.windomain.local,0,S-1-5-18,"Session (PayloadData1) has been disconnected, reason code (PayloadData2)",,,Session: 4,Reason: No additional information is available (i.e. the user has closed RDP window),,,,,,False,C:\lab\Tools\EvtxECmd\DC\Microsoft-Windows-TerminalServices-LocalSessionManager%4Operational.evtx,0x1000000000000000,0,"{""UserData"":{""EventXML"":{""Session"":""4"",""Reason"":""0""}}}"
194,194,2024-03-19 01:45:13.8797369,40,Info,Microsoft-Windows-TerminalServices-LocalSessionManager,Microsoft-Windows-TerminalServices-LocalSessionManager/Operational,788,3024,dc.windomain.local,0,S-1-5-18,"Session (PayloadData1) has been disconnected, reason code (PayloadData2)",,,Session: 3,Reason: The client's connection was replaced by another connection (i.e. a user reconnected to a previous RDP session),,,,,,False,C:\lab\Tools\EvtxECmd\DC\Microsoft-Windows-TerminalServices-LocalSessionManager%4Operational.evtx,0x1000000000000000,0,"{""UserData"":{""EventXML"":{""Session"":""3"",""Reason"":""5""}}}"
195,195,2024-03-19 01:45:14.1577326,25,Info,Microsoft-Windows-TerminalServices-LocalSessionManager,Microsoft-Windows-TerminalServices-LocalSessionManager/Operational,788,3024,dc.windomain.local,0,S-1-5-18,Remote Desktop Services: Session reconnection succeeded,WINDOMAIN\administrator,185.107.56.154,Session ID: 3,,,,,,,False,C:\lab\Tools\EvtxECmd\DC\Microsoft-Windows-TerminalServices-LocalSessionManager%4Operational.evtx,0x1000000000000000,0,"{""UserData"":{""EventXML"":{""User"":""WINDOMAIN\\administrator"",""SessionID"":""3"",""Address"":""185.107.56.154""}}}"
196,196,2024-03-19 01:45:14.1615790,42,Info,Microsoft-Windows-TerminalServices-LocalSessionManager,Microsoft-Windows-TerminalServices-LocalSessionManager/Operational,788,6680,dc.windomain.local,0,S-1-5-18,,,,,,,,,,,False,C:\lab\Tools\EvtxECmd\DC\Microsoft-Windows-TerminalServices-LocalSessionManager%4Operational.evtx,0x1000000000000000,0,"{""UserData"":{""EventXML"":{""User"":""WINDOMAIN\\administrator"",""SessionID"":""4""}}}"
197,197,2024-03-19 01:45:36.6745412,40,Info,Microsoft-Windows-TerminalServices-LocalSessionManager,Microsoft-Windows-TerminalServices-LocalSessionManager/Operational,788,7860,dc.windomain.local,0,S-1-5-18,"Session (PayloadData1) has been disconnected, reason code (PayloadData2)",,,Session: 3,Reason: No additional information is available (i.e. the user has closed RDP window),,,,,,False,C:\lab\Tools\EvtxECmd\DC\Microsoft-Windows-TerminalServices-LocalSessionManager%4Operational.evtx,0x1000000000000000,0,"{""UserData"":{""EventXML"":{""Session"":""3"",""Reason"":""0""}}}"
198,198,2024-03-19 01:45:36.7742342,24,Info,Microsoft-Windows-TerminalServices-LocalSessionManager,Microsoft-Windows-TerminalServices-LocalSessionManager/Operational,788,7860,dc.windomain.local,0,S-1-5-18,Remote Desktop Services: Session has been disconnected,WINDOMAIN\administrator,185.107.56.154,Session ID: 3,,,,,,,False,C:\lab\Tools\EvtxECmd\DC\Microsoft-Windows-TerminalServices-LocalSessionManager%4Operational.evtx,0x1000000000000000,0,"{""UserData"":{""EventXML"":{""User"":""WINDOMAIN\\administrator"",""SessionID"":""3"",""Address"":""185.107.56.154""}}}"
199,199,2024-03-19 01:46:42.5368150,41,Info,Microsoft-Windows-TerminalServices-LocalSessionManager,Microsoft-Windows-TerminalServices-LocalSessionManager/Operational,788,1344,dc.windomain.local,0,S-1-5-18,RDP Begin session arbitration,,,Target: WINDOMAIN\administrator,Session ID: 4,,,,ActivityID: f4204423-5063-46eb-afa1-df4b04b30000,,False,C:\lab\Tools\EvtxECmd\DC\Microsoft-Windows-TerminalServices-LocalSessionManager%4Operational.evtx,0x1000000000000000,0,"{""UserData"":{""EventXML"":{""User"":""WINDOMAIN\\administrator"",""SessionID"":""4""}}}"
200,200,2024-03-19 01:46:42.5423481,40,Info,Microsoft-Windows-TerminalServices-LocalSessionManager,Microsoft-Windows-TerminalServices-LocalSessionManager/Operational,788,6680,dc.windomain.local,0,S-1-5-18,"Session (PayloadData1) has been disconnected, reason code (PayloadData2)",,,Session: 4,Reason: No additional information is available (i.e. the user has closed RDP window),,,,,,False,C:\lab\Tools\EvtxECmd\DC\Microsoft-Windows-TerminalServices-LocalSessionManager%4Operational.evtx,0x1000000000000000,0,"{""UserData"":{""EventXML"":{""Session"":""4"",""Reason"":""0""}}}"
201,201,2024-03-19 01:46:42.7089240,40,Info,Microsoft-Windows-TerminalServices-LocalSessionManager,Microsoft-Windows-TerminalServices-LocalSessionManager/Operational,788,6680,dc.windomain.local,1,S-1-5-18,"Session (PayloadData1) has been disconnected, reason code (PayloadData2)",,,Session: 3,Reason: The client's connection was replaced by another connection (i.e. a user reconnected to a previous RDP session),,,,,,False,C:\lab\Tools\EvtxECmd\DC\Microsoft-Windows-TerminalServices-LocalSessionManager%4Operational.evtx,0x1000000000000000,0,"{""UserData"":{""EventXML"":{""Session"":""3"",""Reason"":""5""}}}"
202,202,2024-03-19 01:46:43.0069677,25,Info,Microsoft-Windows-TerminalServices-LocalSessionManager,Microsoft-Windows-TerminalServices-LocalSessionManager/Operational,788,6680,dc.windomain.local,1,S-1-5-18,Remote Desktop Services: Session reconnection succeeded,WINDOMAIN\administrator,185.107.56.154,Session ID: 3,,,,,,,False,C:\lab\Tools\EvtxECmd\DC\Microsoft-Windows-TerminalServices-LocalSessionManager%4Operational.evtx,0x1000000000000000,0,"{""UserData"":{""EventXML"":{""User"":""WINDOMAIN\\administrator"",""SessionID"":""3"",""Address"":""185.107.56.154""}}}"
203,203,2024-03-19 01:46:43.0072599,42,Info,Microsoft-Windows-TerminalServices-LocalSessionManager,Microsoft-Windows-TerminalServices-LocalSessionManager/Operational,788,1344,dc.windomain.local,1,S-1-5-18,,,,,,,,,,,False,C:\lab\Tools\EvtxECmd\DC\Microsoft-Windows-TerminalServices-LocalSessionManager%4Operational.evtx,0x1000000000000000,0,"{""UserData"":{""EventXML"":{""User"":""WINDOMAIN\\administrator"",""SessionID"":""4""}}}"
204,204,2024-03-19 01:54:49.2163730,23,Info,Microsoft-Windows-TerminalServices-LocalSessionManager,Microsoft-Windows-TerminalServices-LocalSessionManager/Operational,788,7332,dc.windomain.local,1,S-1-5-18,Remote Desktop Services: Session logoff succeeded,WINDOMAIN\administrator,,Session ID: 3,,,,,,,False,C:\lab\Tools\EvtxECmd\DC\Microsoft-Windows-TerminalServices-LocalSessionManager%4Operational.evtx,0x1000000000000000,0,"{""UserData"":{""EventXML"":{""User"":""WINDOMAIN\\administrator"",""SessionID"":""3""}}}"
205,205,2024-03-19 01:54:49.2816169,54,Info,Microsoft-Windows-TerminalServices-LocalSessionManager,Microsoft-Windows-TerminalServices-LocalSessionManager/Operational,788,7036,dc.windomain.local,1,S-1-5-18,,,,,,,,,,,False,C:\lab\Tools\EvtxECmd\DC\Microsoft-Windows-TerminalServices-LocalSessionManager%4Operational.evtx,0x1000000000000000,0,"{""EventData"":""""}"
206,206,2024-03-19 01:54:49.4274133,40,Info,Microsoft-Windows-TerminalServices-LocalSessionManager,Microsoft-Windows-TerminalServices-LocalSessionManager/Operational,788,6688,dc.windomain.local,1,S-1-5-18,"Session (PayloadData1) has been disconnected, reason code (PayloadData2)",,,Session: 3,Reason: The disconnection was initiated by the user logging off his or her session on the server,,,,,,False,C:\lab\Tools\EvtxECmd\DC\Microsoft-Windows-TerminalServices-LocalSessionManager%4Operational.evtx,0x1000000000000000,0,"{""UserData"":{""EventXML"":{""Session"":""3"",""Reason"":""12""}}}"
207,207,2024-03-19 01:54:49.5776449,24,Info,Microsoft-Windows-TerminalServices-LocalSessionManager,Microsoft-Windows-TerminalServices-LocalSessionManager/Operational,788,6688,dc.windomain.local,1,S-1-5-18,Remote Desktop Services: Session has been disconnected,WINDOMAIN\administrator,185.107.56.154,Session ID: 3,,,,,,,False,C:\lab\Tools\EvtxECmd\DC\Microsoft-Windows-TerminalServices-LocalSessionManager%4Operational.evtx,0x1000000000000000,0,"{""UserData"":{""EventXML"":{""User"":""WINDOMAIN\\administrator"",""SessionID"":""3"",""Address"":""185.107.56.154""}}}"
208,208,2024-03-19 01:54:50.8474253,23,Info,Microsoft-Windows-TerminalServices-LocalSessionManager,Microsoft-Windows-TerminalServices-LocalSessionManager/Operational,788,6688,dc.windomain.local,1,S-1-5-18,Remote Desktop Services: Session logoff succeeded,WINDOMAIN\admin.1,,Session ID: 2,,,,,,,False,C:\lab\Tools\EvtxECmd\DC\Microsoft-Windows-TerminalServices-LocalSessionManager%4Operational.evtx,0x1000000000000000,0,"{""UserData"":{""EventXML"":{""User"":""WINDOMAIN\\admin.1"",""SessionID"":""2""}}}"
209,209,2024-03-19 01:55:07.6721018,32,Info,Microsoft-Windows-TerminalServices-LocalSessionManager,Microsoft-Windows-TerminalServices-LocalSessionManager/Operational,780,880,dc.windomain.local,1,S-1-5-18,,,,,,,,,,,False,C:\lab\Tools\EvtxECmd\DC\Microsoft-Windows-TerminalServices-LocalSessionManager%4Operational.evtx,0x1000000000000000,0,"{""UserData"":{""EventXML"":{""messageName"":""RDSAppXPlugin""}}}"
210,210,2024-03-19 01:56:31.7871242,41,Info,Microsoft-Windows-TerminalServices-LocalSessionManager,Microsoft-Windows-TerminalServices-LocalSessionManager/Operational,780,980,dc.windomain.local,1,S-1-5-18,RDP Begin session arbitration,,,Target: WINDOMAIN\vagrant,Session ID: 1,,,,ActivityID: 61a55000-55e5-1017-0000-000000000000,,False,C:\lab\Tools\EvtxECmd\DC\Microsoft-Windows-TerminalServices-LocalSessionManager%4Operational.evtx,0x1000000000000000,0,"{""UserData"":{""EventXML"":{""User"":""WINDOMAIN\\vagrant"",""SessionID"":""1""}}}"
211,211,2024-03-19 01:56:31.7929357,42,Info,Microsoft-Windows-TerminalServices-LocalSessionManager,Microsoft-Windows-TerminalServices-LocalSessionManager/Operational,780,980,dc.windomain.local,1,S-1-5-18,,,,,,,,,,,False,C:\lab\Tools\EvtxECmd\DC\Microsoft-Windows-TerminalServices-LocalSessionManager%4Operational.evtx,0x1000000000000000,0,"{""UserData"":{""EventXML"":{""User"":""WINDOMAIN\\vagrant"",""SessionID"":""1""}}}"
212,212,2024-03-19 01:56:32.0514217,21,Info,Microsoft-Windows-TerminalServices-LocalSessionManager,Microsoft-Windows-TerminalServices-LocalSessionManager/Operational,780,980,dc.windomain.local,1,S-1-5-18,Remote Desktop Services: Session logon succeeded,WINDOMAIN\vagrant,LOCAL,Session ID: 1,,,,,,,False,C:\lab\Tools\EvtxECmd\DC\Microsoft-Windows-TerminalServices-LocalSessionManager%4Operational.evtx,0x1000000000000000,0,"{""UserData"":{""EventXML"":{""User"":""WINDOMAIN\\vagrant"",""SessionID"":""1"",""Address"":""LOCAL""}}}"
213,213,2024-03-19 01:56:32.4004286,22,Info,Microsoft-Windows-TerminalServices-LocalSessionManager,Microsoft-Windows-TerminalServices-LocalSessionManager/Operational,780,808,dc.windomain.local,1,S-1-5-18,Remote Desktop Services: Shell start notification received,WINDOMAIN\vagrant,LOCAL,,,,,,,,False,C:\lab\Tools\EvtxECmd\DC\Microsoft-Windows-TerminalServices-LocalSessionManager%4Operational.evtx,0x1000000000000000,0,"{""UserData"":{""EventXML"":{""User"":""WINDOMAIN\\vagrant"",""SessionID"":""1"",""Address"":""LOCAL""}}}"
214,214,2024-03-19 01:57:25.5295097,41,Info,Microsoft-Windows-TerminalServices-LocalSessionManager,Microsoft-Windows-TerminalServices-LocalSessionManager/Operational,780,892,dc.windomain.local,1,S-1-5-18,RDP Begin session arbitration,,,Target: WINDOMAIN\administrator,Session ID: 2,,,,ActivityID: f42006ab-6579-4842-9b1b-ce8c1ab70000,,False,C:\lab\Tools\EvtxECmd\DC\Microsoft-Windows-TerminalServices-LocalSessionManager%4Operational.evtx,0x1000000000000000,0,"{""UserData"":{""EventXML"":{""User"":""WINDOMAIN\\administrator"",""SessionID"":""2""}}}"
215,215,2024-03-19 01:57:25.5444387,42,Info,Microsoft-Windows-TerminalServices-LocalSessionManager,Microsoft-Windows-TerminalServices-LocalSessionManager/Operational,780,892,dc.windomain.local,1,S-1-5-18,,,,,,,,,,,False,C:\lab\Tools\EvtxECmd\DC\Microsoft-Windows-TerminalServices-LocalSessionManager%4Operational.evtx,0x1000000000000000,0,"{""UserData"":{""EventXML"":{""User"":""WINDOMAIN\\administrator"",""SessionID"":""2""}}}"
216,216,2024-03-19 01:57:25.7795250,21,Info,Microsoft-Windows-TerminalServices-LocalSessionManager,Microsoft-Windows-TerminalServices-LocalSessionManager/Operational,780,892,dc.windomain.local,1,S-1-5-18,Remote Desktop Services: Session logon succeeded,WINDOMAIN\administrator,185.107.56.154,Session ID: 2,,,,,,,False,C:\lab\Tools\EvtxECmd\DC\Microsoft-Windows-TerminalServices-LocalSessionManager%4Operational.evtx,0x1000000000000000,0,"{""UserData"":{""EventXML"":{""User"":""WINDOMAIN\\administrator"",""SessionID"":""2"",""Address"":""185.107.56.154""}}}"
217,217,2024-03-19 01:57:25.9761475,22,Info,Microsoft-Windows-TerminalServices-LocalSessionManager,Microsoft-Windows-TerminalServices-LocalSessionManager/Operational,780,988,dc.windomain.local,1,S-1-5-18,Remote Desktop Services: Shell start notification received,WINDOMAIN\administrator,185.107.56.154,,,,,,,,False,C:\lab\Tools\EvtxECmd\DC\Microsoft-Windows-TerminalServices-LocalSessionManager%4Operational.evtx,0x1000000000000000,0,"{""UserData"":{""EventXML"":{""User"":""WINDOMAIN\\administrator"",""SessionID"":""2"",""Address"":""185.107.56.154""}}}"
218,218,2024-03-19 02:55:10.7372090,40,Info,Microsoft-Windows-TerminalServices-LocalSessionManager,Microsoft-Windows-TerminalServices-LocalSessionManager/Operational,780,980,dc.windomain.local,1,S-1-5-18,"Session (PayloadData1) has been disconnected, reason code (PayloadData2)",,,Session: 2,Reason: No additional information is available (i.e. the user has closed RDP window),,,,,,False,C:\lab\Tools\EvtxECmd\DC\Microsoft-Windows-TerminalServices-LocalSessionManager%4Operational.evtx,0x1000000000000000,0,"{""UserData"":{""EventXML"":{""Session"":""2"",""Reason"":""0""}}}"
219,219,2024-03-19 02:55:10.8907401,24,Info,Microsoft-Windows-TerminalServices-LocalSessionManager,Microsoft-Windows-TerminalServices-LocalSessionManager/Operational,780,980,dc.windomain.local,1,S-1-5-18,Remote Desktop Services: Session has been disconnected,WINDOMAIN\administrator,185.107.56.154,Session ID: 2,,,,,,,False,C:\lab\Tools\EvtxECmd\DC\Microsoft-Windows-TerminalServices-LocalSessionManager%4Operational.evtx,0x1000000000000000,0,"{""UserData"":{""EventXML"":{""User"":""WINDOMAIN\\administrator"",""SessionID"":""2"",""Address"":""185.107.56.154""}}}"
220,220,2024-03-19 02:59:07.6612307,41,Info,Microsoft-Windows-TerminalServices-LocalSessionManager,Microsoft-Windows-TerminalServices-LocalSessionManager/Operational,780,952,dc.windomain.local,1,S-1-5-18,RDP Begin session arbitration,,,Target: WINDOMAIN\administrator,Session ID: 3,,,,ActivityID: f420c79a-a567-4d5e-8710-ca59316d0000,,False,C:\lab\Tools\EvtxECmd\DC\Microsoft-Windows-TerminalServices-LocalSessionManager%4Operational.evtx,0x1000000000000000,0,"{""UserData"":{""EventXML"":{""User"":""WINDOMAIN\\administrator"",""SessionID"":""3""}}}"
221,221,2024-03-19 02:59:07.6655991,40,Info,Microsoft-Windows-TerminalServices-LocalSessionManager,Microsoft-Windows-TerminalServices-LocalSessionManager/Operational,780,916,dc.windomain.local,1,S-1-5-18,"Session (PayloadData1) has been disconnected, reason code (PayloadData2)",,,Session: 3,Reason: No additional information is available (i.e. the user has closed RDP window),,,,,,False,C:\lab\Tools\EvtxECmd\DC\Microsoft-Windows-TerminalServices-LocalSessionManager%4Operational.evtx,0x1000000000000000,0,"{""UserData"":{""EventXML"":{""Session"":""3"",""Reason"":""0""}}}"
222,222,2024-03-19 02:59:07.8487954,40,Info,Microsoft-Windows-TerminalServices-LocalSessionManager,Microsoft-Windows-TerminalServices-LocalSessionManager/Operational,780,916,dc.windomain.local,1,S-1-5-18,"Session (PayloadData1) has been disconnected, reason code (PayloadData2)",,,Session: 2,Reason: The client's connection was replaced by another connection (i.e. a user reconnected to a previous RDP session),,,,,,False,C:\lab\Tools\EvtxECmd\DC\Microsoft-Windows-TerminalServices-LocalSessionManager%4Operational.evtx,0x1000000000000000,0,"{""UserData"":{""EventXML"":{""Session"":""2"",""Reason"":""5""}}}"
223,223,2024-03-19 02:59:08.1187536,25,Info,Microsoft-Windows-TerminalServices-LocalSessionManager,Microsoft-Windows-TerminalServices-LocalSessionManager/Operational,780,916,dc.windomain.local,1,S-1-5-18,Remote Desktop Services: Session reconnection succeeded,WINDOMAIN\administrator,185.107.56.154,Session ID: 2,,,,,,,False,C:\lab\Tools\EvtxECmd\DC\Microsoft-Windows-TerminalServices-LocalSessionManager%4Operational.evtx,0x1000000000000000,0,"{""UserData"":{""EventXML"":{""User"":""WINDOMAIN\\administrator"",""SessionID"":""2"",""Address"":""185.107.56.154""}}}"
224,224,2024-03-19 02:59:08.1191806,42,Info,Microsoft-Windows-TerminalServices-LocalSessionManager,Microsoft-Windows-TerminalServices-LocalSessionManager/Operational,780,952,dc.windomain.local,1,S-1-5-18,,,,,,,,,,,False,C:\lab\Tools\EvtxECmd\DC\Microsoft-Windows-TerminalServices-LocalSessionManager%4Operational.evtx,0x1000000000000000,0,"{""UserData"":{""EventXML"":{""User"":""WINDOMAIN\\administrator"",""SessionID"":""3""}}}"
225,225,2024-03-19 03:25:58.7947624,39,Info,Microsoft-Windows-TerminalServices-LocalSessionManager,Microsoft-Windows-TerminalServices-LocalSessionManager/Operational,780,3116,dc.windomain.local,1,S-1-5-18,Session (PayloadData1) has been disconnected by session (PayloadData2),,,TargetSession: 2,Source: 2,,,,,,False,C:\lab\Tools\EvtxECmd\DC\Microsoft-Windows-TerminalServices-LocalSessionManager%4Operational.evtx,0x1000000000000000,0,"{""UserData"":{""EventXML"":{""TargetSession"":""2"",""Source"":""2""}}}"
226,226,2024-03-19 03:25:58.7947703,59,Info,Microsoft-Windows-TerminalServices-LocalSessionManager,Microsoft-Windows-TerminalServices-LocalSessionManager/Operational,780,3116,dc.windomain.local,1,S-1-5-18,,,,,,,,,,,False,C:\lab\Tools\EvtxECmd\DC\Microsoft-Windows-TerminalServices-LocalSessionManager%4Operational.evtx,0x1000000000000000,0,"{""ProcessingErrorData"":{""ErrorCode"":""15005"",""DataItemName"":""ClientProcessId"",""EventPayload"":""52-70-63-44-69-73-63-6F-6E-6E-65-63-74-00-52-00-75-00-6E-00-74-00-69-00-6D-00-65-00-42-00-72-00-6F-00-6B-00-65-00-72-00-2E-00-65-00-78-00-65-00-00-00-02-00-00-00-4C-10-00-00""}}"
227,227,2024-03-19 03:25:58.7947741,40,Info,Microsoft-Windows-TerminalServices-LocalSessionManager,Microsoft-Windows-TerminalServices-LocalSessionManager/Operational,780,3116,dc.windomain.local,1,S-1-5-18,"Session (PayloadData1) has been disconnected, reason code (PayloadData2)",,,Session: 2,Reason: The disconnection was initiated by the user disconnecting his or her session on the server or by an administrative tool on the server,,,,,,False,C:\lab\Tools\EvtxECmd\DC\Microsoft-Windows-TerminalServices-LocalSessionManager%4Operational.evtx,0x1000000000000000,0,"{""UserData"":{""EventXML"":{""Session"":""2"",""Reason"":""11""}}}"
228,228,2024-03-19 03:25:59.0019853,24,Info,Microsoft-Windows-TerminalServices-LocalSessionManager,Microsoft-Windows-TerminalServices-LocalSessionManager/Operational,780,3116,dc.windomain.local,1,S-1-5-18,Remote Desktop Services: Session has been disconnected,WINDOMAIN\administrator,185.107.56.154,Session ID: 2,,,,,,,False,C:\lab\Tools\EvtxECmd\DC\Microsoft-Windows-TerminalServices-LocalSessionManager%4Operational.evtx,0x1000000000000000,0,"{""UserData"":{""EventXML"":{""User"":""WINDOMAIN\\administrator"",""SessionID"":""2"",""Address"":""185.107.56.154""}}}"
229,229,2024-03-20 23:39:45.0632742,39,Info,Microsoft-Windows-TerminalServices-LocalSessionManager,Microsoft-Windows-TerminalServices-LocalSessionManager/Operational,780,3332,dc.windomain.local,1,S-1-5-18,Session (PayloadData1) has been disconnected by session (PayloadData2),,,TargetSession: 1,Source: 1,,,,,,False,C:\lab\Tools\EvtxECmd\DC\Microsoft-Windows-TerminalServices-LocalSessionManager%4Operational.evtx,0x1000000000000000,0,"{""UserData"":{""EventXML"":{""TargetSession"":""1"",""Source"":""1""}}}"
230,230,2024-03-20 23:39:45.0632795,59,Info,Microsoft-Windows-TerminalServices-LocalSessionManager,Microsoft-Windows-TerminalServices-LocalSessionManager/Operational,780,3332,dc.windomain.local,1,S-1-5-18,,,,,,,,,,,False,C:\lab\Tools\EvtxECmd\DC\Microsoft-Windows-TerminalServices-LocalSessionManager%4Operational.evtx,0x1000000000000000,0,"{""ProcessingErrorData"":{""ErrorCode"":""15005"",""DataItemName"":""ClientProcessId"",""EventPayload"":""52-70-63-44-69-73-63-6F-6E-6E-65-63-74-00-4C-00-6F-00-67-00-6F-00-6E-00-55-00-49-00-2E-00-65-00-78-00-65-00-00-00-01-00-00-00-F4-15-00-00""}}"
231,231,2024-03-20 23:39:45.0632821,40,Info,Microsoft-Windows-TerminalServices-LocalSessionManager,Microsoft-Windows-TerminalServices-LocalSessionManager/Operational,780,3332,dc.windomain.local,1,S-1-5-18,"Session (PayloadData1) has been disconnected, reason code (PayloadData2)",,,Session: 1,Reason: The disconnection was initiated by the user disconnecting his or her session on the server or by an administrative tool on the server,,,,,,False,C:\lab\Tools\EvtxECmd\DC\Microsoft-Windows-TerminalServices-LocalSessionManager%4Operational.evtx,0x1000000000000000,472,"{""UserData"":{""EventXML"":{""Session"":""1"",""Reason"":""11""}}}"
232,232,2024-03-20 23:39:45.1680609,24,Info,Microsoft-Windows-TerminalServices-LocalSessionManager,Microsoft-Windows-TerminalServices-LocalSessionManager/Operational,780,3332,dc.windomain.local,1,S-1-5-18,Remote Desktop Services: Session has been disconnected,WINDOMAIN\vagrant,LOCAL,Session ID: 1,,,,,,,False,C:\lab\Tools\EvtxECmd\DC\Microsoft-Windows-TerminalServices-LocalSessionManager%4Operational.evtx,0x1000000000000000,0,"{""UserData"":{""EventXML"":{""User"":""WINDOMAIN\\vagrant"",""SessionID"":""1"",""Address"":""LOCAL""}}}"
233,233,2024-03-20 23:40:07.0239761,41,Info,Microsoft-Windows-TerminalServices-LocalSessionManager,Microsoft-Windows-TerminalServices-LocalSessionManager/Operational,780,5504,dc.windomain.local,1,S-1-5-18,RDP Begin session arbitration,,,Target: WINDOMAIN\admin.1,Session ID: 3,,,,ActivityID: 61a55000-55e5-1017-0000-000000000000,,False,C:\lab\Tools\EvtxECmd\DC\Microsoft-Windows-TerminalServices-LocalSessionManager%4Operational.evtx,0x1000000000000000,0,"{""UserData"":{""EventXML"":{""User"":""WINDOMAIN\\admin.1"",""SessionID"":""3""}}}"
234,234,2024-03-20 23:40:07.0274231,42,Info,Microsoft-Windows-TerminalServices-LocalSessionManager,Microsoft-Windows-TerminalServices-LocalSessionManager/Operational,780,5504,dc.windomain.local,1,S-1-5-18,,,,,,,,,,,False,C:\lab\Tools\EvtxECmd\DC\Microsoft-Windows-TerminalServices-LocalSessionManager%4Operational.evtx,0x1000000000000000,0,"{""UserData"":{""EventXML"":{""User"":""WINDOMAIN\\admin.1"",""SessionID"":""3""}}}"
235,235,2024-03-20 23:40:07.2522224,21,Info,Microsoft-Windows-TerminalServices-LocalSessionManager,Microsoft-Windows-TerminalServices-LocalSessionManager/Operational,780,5504,dc.windomain.local,1,S-1-5-18,Remote Desktop Services: Session logon succeeded,WINDOMAIN\admin.1,LOCAL,Session ID: 3,,,,,,,False,C:\lab\Tools\EvtxECmd\DC\Microsoft-Windows-TerminalServices-LocalSessionManager%4Operational.evtx,0x1000000000000000,0,"{""UserData"":{""EventXML"":{""User"":""WINDOMAIN\\admin.1"",""SessionID"":""3"",""Address"":""LOCAL""}}}"
236,236,2024-03-20 23:40:07.4843385,22,Info,Microsoft-Windows-TerminalServices-LocalSessionManager,Microsoft-Windows-TerminalServices-LocalSessionManager/Operational,780,4032,dc.windomain.local,1,S-1-5-18,Remote Desktop Services: Shell start notification received,WINDOMAIN\admin.1,LOCAL,,,,,,,,False,C:\lab\Tools\EvtxECmd\DC\Microsoft-Windows-TerminalServices-LocalSessionManager%4Operational.evtx,0x1000000000000000,0,"{""UserData"":{""EventXML"":{""User"":""WINDOMAIN\\admin.1"",""SessionID"":""3"",""Address"":""LOCAL""}}}"
