URL,Title,Visit Time,Visit Count,Visited From,Visit Type,Visit Duration,Web Browser,User Profile,Browser Profile,URL Length,Typed Count,History File,Record ID
file:///C:/fileshare/CONFIDENTIAL_Client_Deliverables/Star%20Solutions_20240313.pdf,Star Solutions_20240313.pdf,3/19/2024 2:36:23 AM,1,,Auto TopLevel,00:00:26.987,Chrome,,FileServer,83,0,C:\lab\Tools\browsinghistoryview-x64\FileServer\History,1
file:///C:/fileshare/CONFIDENTIAL_Client_Deliverables/Precision%20Systems_20240313.pdf,Precision Systems_20240313.pdf,3/19/2024 2:36:53 AM,1,,Auto TopLevel,00:00:11.626,Chrome,,FileServer,86,0,C:\lab\Tools\browsinghistoryview-x64\FileServer\History,2
file:///C:/fileshare/CONFIDENTIAL_Client_Deliverables/Global%20Consulting_20240313.pdf,Global Consulting_20240313.pdf,3/19/2024 2:37:07 AM,1,,Auto TopLevel,00:00:12.461,Chrome,,FileServer,86,0,C:\lab\Tools\browsinghistoryview-x64\FileServer\History,3
file:///C:/fileshare/Design_documents/Design_20240313_PACB5630.pdf,Design_20240313_PACB5630.pdf,3/19/2024 2:37:26 AM,1,,Auto TopLevel,00:00:21.938,Chrome,,FileServer,66,0,C:\lab\Tools\browsinghistoryview-x64\FileServer\History,4
file:///C:/fileshare/Design_documents/Design_20240313_PACB7376.pdf,Design_20240313_PACB7376.pdf,3/19/2024 2:37:51 AM,1,,Auto TopLevel,00:00:13.910,Chrome,,FileServer,66,0,C:\lab\Tools\browsinghistoryview-x64\FileServer\History,5
file:///C:/fileshare/Payroll/chris_j_2023-11-02.pdf,chris_j_2023-11-02.pdf,3/19/2024 2:38:12 AM,1,,Auto TopLevel,00:01:27.039,Chrome,,FileServer,51,0,C:\lab\Tools\browsinghistoryview-x64\FileServer\History,6
file:///C:/fileshare/Payroll/daniel_t_2023-09-24.pdf,daniel_t_2023-09-24.pdf,3/19/2024 2:38:21 AM,1,,Auto TopLevel,00:01:16.709,Chrome,,FileServer,52,0,C:\lab\Tools\browsinghistoryview-x64\FileServer\History,7
file:///C:/fileshare/Payroll/emily_b_2023-11-30.pdf,emily_b_2023-11-30.pdf,3/19/2024 2:38:33 AM,1,,Auto TopLevel,00:01:04.159,Chrome,,FileServer,51,0,C:\lab\Tools\browsinghistoryview-x64\FileServer\History,8
file:///C:/fileshare/Taxes/daniel_j_2024-03-13.pdf,daniel_j_2024-03-13.pdf,3/19/2024 2:38:54 AM,1,,Auto TopLevel,00:00:41.554,Chrome,,FileServer,50,0,C:\lab\Tools\browsinghistoryview-x64\FileServer\History,9
file:///C:/fileshare/Taxes/jane_j_2024-03-13.pdf,jane_j_2024-03-13.pdf,3/19/2024 2:39:10 AM,1,,Auto TopLevel,00:00:23.295,Chrome,,FileServer,48,0,C:\lab\Tools\browsinghistoryview-x64\FileServer\History,10
file:///C:/fileshare/Taxes/daniel_b_2024-03-13.pdf,daniel_b_2024-03-13.pdf,3/19/2024 2:39:22 AM,1,,Auto TopLevel,00:00:10.161,Chrome,,FileServer,50,0,C:\lab\Tools\browsinghistoryview-x64\FileServer\History,11
https://www.google.com/search?q=file+transfer+sites+temp&rlz=1C1GCER_enUS1102US1102&oq=file+transfer+sites+temp&gs_lcrp=EgZjaHJvbWUyBggAEEUYOTIICAEQABgWGB4yCAgCEAAYFhgeMggIAxAAGBYYHjINCAQQABiGAxiABBiKBTINCAUQABiGAxiABBiKBTINCAYQABiGAxiABBiKBTINCAcQABiGAxiABBiKBdIBCTEyNzU5ajBqN6gCALACAA&sourceid=chrome&ie=UTF-8,file transfer sites temp - Google Search,3/19/2024 2:52:02 AM,5,,Generated,00:00:00.659,Chrome,,FileServer,311,0,C:\lab\Tools\browsinghistoryview-x64\FileServer\History,12
https://www.google.com/search?q=file+transfer+sites+temp&rlz=1C1GCER_enUS1102US1102&oq=file+transfer+sites+temp&gs_lcrp=EgZjaHJvbWUyBggAEEUYOTIICAEQABgWGB4yCAgCEAAYFhgeMggIAxAAGBYYHjINCAQQABiGAxiABBiKBTINCAUQABiGAxiABBiKBTINCAYQABiGAxiABBiKBTINCAcQABiGAxiABBiKBdIBCTEyNzU5ajBqN6gCALACAA&sourceid=chrome&ie=UTF-8,file transfer sites temp - Google Search,3/19/2024 2:52:03 AM,5,https://www.google.com/search?q=file+transfer+sites+temp&rlz=1C1GCER_enUS1102US1102&oq=file+transfer+sites+temp&gs_lcrp=EgZjaHJvbWUyBggAEEUYOTIICAEQABgWGB4yCAgCEAAYFhgeMggIAxAAGBYYHjINCAQQABiGAxiABBiKBTINCAUQABiGAxiABBiKBTINCAYQABiGAxiABBiKBTINCAcQABiGAxiABBiKBdIBCTEyNzU5ajBqN6gCALACAA&sourceid=chrome&ie=UTF-8,Link,00:00:15.999,Chrome,,FileServer,311,0,C:\lab\Tools\browsinghistoryview-x64\FileServer\History,13
https://www.file.io/,file.io - Super simple file sharing,3/19/2024 2:52:19 AM,1,https://www.google.com/search?q=file+transfer+sites+temp&rlz=1C1GCER_enUS1102US1102&oq=file+transfer+sites+temp&gs_lcrp=EgZjaHJvbWUyBggAEEUYOTIICAEQABgWGB4yCAgCEAAYFhgeMggIAxAAGBYYHjINCAQQABiGAxiABBiKBTINCAUQABiGAxiABBiKBTINCAYQABiGAxiABBiKBTINCAcQABiGAxiABBiKBdIBCTEyNzU5ajBqN6gCALACAA&sourceid=chrome&ie=UTF-8,Link,00:00:12.189,Chrome,,FileServer,20,0,C:\lab\Tools\browsinghistoryview-x64\FileServer\History,14
https://www.google.com/search?q=file+transfer+sites+temp&rlz=1C1GCER_enUS1102US1102&oq=file+transfer+sites+temp&gs_lcrp=EgZjaHJvbWUyBggAEEUYOTIICAEQABgWGB4yCAgCEAAYFhgeMggIAxAAGBYYHjINCAQQABiGAxiABBiKBTINCAUQABiGAxiABBiKBTINCAYQABiGAxiABBiKBTINCAcQABiGAxiABBiKBdIBCTEyNzU5ajBqN6gCALACAA&sourceid=chrome&ie=UTF-8,file transfer sites temp - Google Search,3/19/2024 2:52:31 AM,5,,Generated,00:00:04.726,Chrome,,FileServer,311,0,C:\lab\Tools\browsinghistoryview-x64\FileServer\History,15
https://temp-file-share.web.app/,TempFileShare - share disappearing files to anyone,3/19/2024 2:52:36 AM,1,https://www.google.com/search?q=file+transfer+sites+temp&rlz=1C1GCER_enUS1102US1102&oq=file+transfer+sites+temp&gs_lcrp=EgZjaHJvbWUyBggAEEUYOTIICAEQABgWGB4yCAgCEAAYFhgeMggIAxAAGBYYHjINCAQQABiGAxiABBiKBTINCAUQABiGAxiABBiKBTINCAYQABiGAxiABBiKBTINCAcQABiGAxiABBiKBdIBCTEyNzU5ajBqN6gCALACAA&sourceid=chrome&ie=UTF-8,Link,00:00:11.184,Chrome,,FileServer,32,0,C:\lab\Tools\browsinghistoryview-x64\FileServer\History,16
https://www.google.com/search?q=file+transfer+sites+temp&rlz=1C1GCER_enUS1102US1102&oq=file+transfer+sites+temp&gs_lcrp=EgZjaHJvbWUyBggAEEUYOTIICAEQABgWGB4yCAgCEAAYFhgeMggIAxAAGBYYHjINCAQQABiGAxiABBiKBTINCAUQABiGAxiABBiKBTINCAYQABiGAxiABBiKBTINCAcQABiGAxiABBiKBdIBCTEyNzU5ajBqN6gCALACAA&sourceid=chrome&ie=UTF-8,file transfer sites temp - Google Search,3/19/2024 2:52:47 AM,5,,Generated,00:00:09.757,Chrome,,FileServer,311,0,C:\lab\Tools\browsinghistoryview-x64\FileServer\History,17
https://tmpfiles.org/,/tmp/files - Temporary File Upload,3/19/2024 2:52:57 AM,1,https://www.google.com/search?q=file+transfer+sites+temp&rlz=1C1GCER_enUS1102US1102&oq=file+transfer+sites+temp&gs_lcrp=EgZjaHJvbWUyBggAEEUYOTIICAEQABgWGB4yCAgCEAAYFhgeMggIAxAAGBYYHjINCAQQABiGAxiABBiKBTINCAUQABiGAxiABBiKBTINCAYQABiGAxiABBiKBTINCAcQABiGAxiABBiKBdIBCTEyNzU5ajBqN6gCALACAA&sourceid=chrome&ie=UTF-8,Link,00:00:04.340,Chrome,,FileServer,21,0,C:\lab\Tools\browsinghistoryview-x64\FileServer\History,18
https://www.google.com/search?q=file+transfer+sites+temp&rlz=1C1GCER_enUS1102US1102&oq=file+transfer+sites+temp&gs_lcrp=EgZjaHJvbWUyBggAEEUYOTIICAEQABgWGB4yCAgCEAAYFhgeMggIAxAAGBYYHjINCAQQABiGAxiABBiKBTINCAUQABiGAxiABBiKBTINCAYQABiGAxiABBiKBTINCAcQABiGAxiABBiKBdIBCTEyNzU5ajBqN6gCALACAA&sourceid=chrome&ie=UTF-8,file transfer sites temp - Google Search,3/19/2024 2:53:01 AM,5,,Generated,00:00:46.585,Chrome,,FileServer,311,0,C:\lab\Tools\browsinghistoryview-x64\FileServer\History,19
https://www.google.com/search?q=design+documents&rlz=1C1GCER_enUS1102US1102&oq=design+documents&gs_lcrp=EgZjaHJvbWUyCQgAEEUYORiABDIHCAEQABiABDIHCAIQABiABDIHCAMQABiABDIHCAQQABiABDIHCAUQABiABDIGCAYQRRg8MgYIBxBFGDzSAQg2MTM5ajBqOagCALACAA&sourceid=chrome&ie=UTF-8,design documents - Google Search,3/19/2024 2:53:48 AM,2,,Generated,00:00:00.886,Chrome,,FileServer,259,0,C:\lab\Tools\browsinghistoryview-x64\FileServer\History,20
https://www.google.com/search?q=design+documents&rlz=1C1GCER_enUS1102US1102&oq=design+documents&gs_lcrp=EgZjaHJvbWUyCQgAEEUYORiABDIHCAEQABiABDIHCAIQABiABDIHCAMQABiABDIHCAQQABiABDIHCAUQABiABDIGCAYQRRg8MgYIBxBFGDzSAQg2MTM5ajBqOagCALACAA&sourceid=chrome&ie=UTF-8,design documents - Google Search,3/19/2024 2:53:48 AM,2,https://www.google.com/search?q=design+documents&rlz=1C1GCER_enUS1102US1102&oq=design+documents&gs_lcrp=EgZjaHJvbWUyCQgAEEUYORiABDIHCAEQABiABDIHCAIQABiABDIHCAMQABiABDIHCAQQABiABDIHCAUQABiABDIGCAYQRRg8MgYIBxBFGDzSAQg2MTM5ajBqOagCALACAA&sourceid=chrome&ie=UTF-8,Link,00:00:07.361,Chrome,,FileServer,259,0,C:\lab\Tools\browsinghistoryview-x64\FileServer\History,21
https://www.google.com/search?q=design+documents&rlz=1C1GCER_enUS1102US1102&oq=design+documents&gs_lcrp=EgZjaHJvbWUyCQgAEEUYORiABDIHCAEQABiABDIHCAIQABiABDIHCAMQABiABDIHCAQQABiABDIHCAUQABiABDIGCAYQRRg8MgYIBxBFGDzSAQg2MTM5ajBqOagCALACAA&sourceid=chrome&ie=UTF-8#ip=1,design documents - Google Search,3/19/2024 2:53:56 AM,1,https://www.google.com/search?q=design+documents&rlz=1C1GCER_enUS1102US1102&oq=design+documents&gs_lcrp=EgZjaHJvbWUyCQgAEEUYORiABDIHCAEQABiABDIHCAIQABiABDIHCAMQABiABDIHCAQQABiABDIHCAUQABiABDIGCAYQRRg8MgYIBxBFGDzSAQg2MTM5ajBqOagCALACAA&sourceid=chrome&ie=UTF-8,Link,00:00:19.498,Chrome,,FileServer,264,0,C:\lab\Tools\browsinghistoryview-x64\FileServer\History,22
https://www.google.com/search?q=what+does+ssn+stand+for&rlz=1C1GCER_enUS1102US1102&oq=what+does+ssn+stand+for&gs_lcrp=EgZjaHJvbWUqBwgAEAAYgAQyBwgAEAAYgAQyBwgBEAAYgAQyBwgCEAAYgAQyBwgDEAAYgAQyBwgEEAAYgAQyCAgFEAAYFhgeMgoIBhAAGAoYFhgeMggIBxAAGBYYHjIICAgQABgWGB4yCAgJEAAYFhge0gEJMTY2MzJqMGo5qAIAsAIA&sourceid=chrome&ie=UTF-8,what does ssn stand for - Google Search,3/19/2024 2:54:15 AM,2,,Generated,00:00:00.753,Chrome,,FileServer,319,0,C:\lab\Tools\browsinghistoryview-x64\FileServer\History,23
https://www.google.com/search?q=what+does+ssn+stand+for&rlz=1C1GCER_enUS1102US1102&oq=what+does+ssn+stand+for&gs_lcrp=EgZjaHJvbWUqBwgAEAAYgAQyBwgAEAAYgAQyBwgBEAAYgAQyBwgCEAAYgAQyBwgDEAAYgAQyBwgEEAAYgAQyCAgFEAAYFhgeMgoIBhAAGAoYFhgeMggIBxAAGBYYHjIICAgQABgWGB4yCAgJEAAYFhge0gEJMTY2MzJqMGo5qAIAsAIA&sourceid=chrome&ie=UTF-8,what does ssn stand for - Google Search,3/19/2024 2:54:16 AM,2,https://www.google.com/search?q=what+does+ssn+stand+for&rlz=1C1GCER_enUS1102US1102&oq=what+does+ssn+stand+for&gs_lcrp=EgZjaHJvbWUqBwgAEAAYgAQyBwgAEAAYgAQyBwgBEAAYgAQyBwgCEAAYgAQyBwgDEAAYgAQyBwgEEAAYgAQyCAgFEAAYFhgeMgoIBhAAGAoYFhgeMggIBxAAGBYYHjIICAgQABgWGB4yCAgJEAAYFhge0gEJMTY2MzJqMGo5qAIAsAIA&sourceid=chrome&ie=UTF-8,Link,00:00:12.838,Chrome,,FileServer,319,0,C:\lab\Tools\browsinghistoryview-x64\FileServer\History,24
https://www.google.com/search?q=how+much+is+ssn+worth+on+dark+web&rlz=1C1GCER_enUS1102US1102&oq=how+much+is+ssn+worth+on+dark+web&gs_lcrp=EgZjaHJvbWUyBggAEEUYOdIBCDYyNjFqMGo5qAIAsAIA&sourceid=chrome&ie=UTF-8,how much is ssn worth on dark web - Google Search,3/19/2024 2:54:29 AM,2,,Generated,00:00:00.472,Chrome,,FileServer,207,0,C:\lab\Tools\browsinghistoryview-x64\FileServer\History,25
https://www.google.com/search?q=how+much+is+ssn+worth+on+dark+web&rlz=1C1GCER_enUS1102US1102&oq=how+much+is+ssn+worth+on+dark+web&gs_lcrp=EgZjaHJvbWUyBggAEEUYOdIBCDYyNjFqMGo5qAIAsAIA&sourceid=chrome&ie=UTF-8,how much is ssn worth on dark web - Google Search,3/19/2024 2:54:29 AM,2,https://www.google.com/search?q=how+much+is+ssn+worth+on+dark+web&rlz=1C1GCER_enUS1102US1102&oq=how+much+is+ssn+worth+on+dark+web&gs_lcrp=EgZjaHJvbWUyBggAEEUYOdIBCDYyNjFqMGo5qAIAsAIA&sourceid=chrome&ie=UTF-8,Link,00:04:55.482,Chrome,,FileServer,207,0,C:\lab\Tools\browsinghistoryview-x64\FileServer\History,26
"https://www.forbes.com/sites/jessedamiani/2020/03/25/your-social-security-number-costs-4-on-the-dark-web-new-report-finds/#:~:text=As%20with%20Equifax%2C%20cyberattacks%20are,as%20%244%20on%20the%20darknet.","Your Social Security Number Costs $4 On The Dark Web, New Report Finds",3/19/2024 2:59:25 AM,1,https://www.google.com/search?q=how+much+is+ssn+worth+on+dark+web&rlz=1C1GCER_enUS1102US1102&oq=how+much+is+ssn+worth+on+dark+web&gs_lcrp=EgZjaHJvbWUyBggAEEUYOdIBCDYyNjFqMGo5qAIAsAIA&sourceid=chrome&ie=UTF-8,Link,00:00:00.919,Chrome,,FileServer,206,0,C:\lab\Tools\browsinghistoryview-x64\FileServer\History,27
https://www.forbes.com/sites/jessedamiani/2020/03/25/your-social-security-number-costs-4-on-the-dark-web-new-report-finds/,"Your Social Security Number Costs $4 On The Dark Web, New Report Finds",3/19/2024 2:59:26 AM,1,"https://www.forbes.com/sites/jessedamiani/2020/03/25/your-social-security-number-costs-4-on-the-dark-web-new-report-finds/#:~:text=As%20with%20Equifax%2C%20cyberattacks%20are,as%20%244%20on%20the%20darknet.",Link,00:00:00.353,Chrome,,FileServer,122,0,C:\lab\Tools\browsinghistoryview-x64\FileServer\History,28
https://www.forbes.com/sites/jessedamiani/2020/03/25/your-social-security-number-costs-4-on-the-dark-web-new-report-finds/?sh=4f8644bb13f1,"Your Social Security Number Costs $4 On The Dark Web, New Report Finds",3/19/2024 2:59:26 AM,1,https://www.forbes.com/sites/jessedamiani/2020/03/25/your-social-security-number-costs-4-on-the-dark-web-new-report-finds/,Link,00:00:19.752,Chrome,,FileServer,138,0,C:\lab\Tools\browsinghistoryview-x64\FileServer\History,29
https://drive.google.com/drive/folders/1dQHzMaLEJWh_N1fFLu4apMUnbVUivjCj?usp=sharing,uploaads - Google Drive,3/19/2024 3:00:40 AM,1,,Typed URL,00:00:00.704,Chrome,,FileServer,84,1,C:\lab\Tools\browsinghistoryview-x64\FileServer\History,30
https://drive.google.com/drive/folders/1dQHzMaLEJWh_N1fFLu4apMUnbVUivjCj,uploaads - Google Drive,3/19/2024 3:00:41 AM,5,https://drive.google.com/drive/folders/1dQHzMaLEJWh_N1fFLu4apMUnbVUivjCj?usp=sharing,Link,00:00:00.687,Chrome,,FileServer,72,0,C:\lab\Tools\browsinghistoryview-x64\FileServer\History,31
https://drive.google.com/drive/folders/1dQHzMaLEJWh_N1fFLu4apMUnbVUivjCj,uploaads - Google Drive,3/19/2024 3:00:42 AM,5,https://drive.google.com/drive/folders/1dQHzMaLEJWh_N1fFLu4apMUnbVUivjCj,Link,00:01:19.098,Chrome,,FileServer,72,0,C:\lab\Tools\browsinghistoryview-x64\FileServer\History,32
https://accounts.google.com/v3/signin/identifier?continue=https%3A%2F%2Fdrive.google.com%2Fdrive%2Ffolders%2F1dQHzMaLEJWh_N1fFLu4apMUnbVUivjCj%3Fusp%3Dsharing&ec=GAZAMQ&hl=en&ifkv=ARZ0qKLvRzV7MVIFaXE7SpVlsVkuPz41M63c_IUNcxLn7YLItKdg5QK7nU_hfe5_SdAzcDZ1MI2GDQ&passive=true&service=writely&flowName=GlifWebSignIn&flowEntry=ServiceLogin&dsh=S-1022547183%3A1710817321848851&theme=mn&ddm=0,Google Drive,3/19/2024 3:02:01 AM,2,https://accounts.google.com/InteractiveLogin?continue=https://drive.google.com/drive/folders/1dQHzMaLEJWh_N1fFLu4apMUnbVUivjCj?usp%3Dsharing&ec=GAZAMQ&hl=en&passive=true&service=writely&ifkv=ARZ0qKIBoluyOs8rosedvmmCg0iDI4Ufg4UJ_1fVEwdoeT1Amxr17dm-uHZfy1yjrnr9OiGTpQy5Gw,Link,00:00:00.457,Chrome,,FileServer,384,0,C:\lab\Tools\browsinghistoryview-x64\FileServer\History,35
https://accounts.google.com/InteractiveLogin?continue=https://drive.google.com/drive/folders/1dQHzMaLEJWh_N1fFLu4apMUnbVUivjCj?usp%3Dsharing&ec=GAZAMQ&hl=en&passive=true&service=writely&ifkv=ARZ0qKIBoluyOs8rosedvmmCg0iDI4Ufg4UJ_1fVEwdoeT1Amxr17dm-uHZfy1yjrnr9OiGTpQy5Gw,Google Drive,3/19/2024 3:02:01 AM,1,https://accounts.google.com/ServiceLogin?hl=en&passive=true&continue=https://drive.google.com/drive/folders/1dQHzMaLEJWh_N1fFLu4apMUnbVUivjCj%3Fusp%3Dsharing&service=writely&ec=GAZAMQ,Link,,Chrome,,FileServer,269,0,C:\lab\Tools\browsinghistoryview-x64\FileServer\History,34
https://accounts.google.com/ServiceLogin?hl=en&passive=true&continue=https://drive.google.com/drive/folders/1dQHzMaLEJWh_N1fFLu4apMUnbVUivjCj%3Fusp%3Dsharing&service=writely&ec=GAZAMQ,Google Drive,3/19/2024 3:02:01 AM,1,https://drive.google.com/drive/folders/1dQHzMaLEJWh_N1fFLu4apMUnbVUivjCj,Link,,Chrome,,FileServer,183,0,C:\lab\Tools\browsinghistoryview-x64\FileServer\History,33
https://accounts.google.com/v3/signin/identifier?continue=https%3A%2F%2Fdrive.google.com%2Fdrive%2Ffolders%2F1dQHzMaLEJWh_N1fFLu4apMUnbVUivjCj%3Fusp%3Dsharing&ec=GAZAMQ&hl=en&ifkv=ARZ0qKLvRzV7MVIFaXE7SpVlsVkuPz41M63c_IUNcxLn7YLItKdg5QK7nU_hfe5_SdAzcDZ1MI2GDQ&passive=true&service=writely&flowName=GlifWebSignIn&flowEntry=ServiceLogin&dsh=S-1022547183%3A1710817321848851&theme=mn&ddm=0,Google Drive,3/19/2024 3:02:01 AM,2,https://accounts.google.com/v3/signin/identifier?continue=https%3A%2F%2Fdrive.google.com%2Fdrive%2Ffolders%2F1dQHzMaLEJWh_N1fFLu4apMUnbVUivjCj%3Fusp%3Dsharing&ec=GAZAMQ&hl=en&ifkv=ARZ0qKLvRzV7MVIFaXE7SpVlsVkuPz41M63c_IUNcxLn7YLItKdg5QK7nU_hfe5_SdAzcDZ1MI2GDQ&passive=true&service=writely&flowName=GlifWebSignIn&flowEntry=ServiceLogin&dsh=S-1022547183%3A1710817321848851&theme=mn&ddm=0,Link,00:00:04.718,Chrome,,FileServer,384,0,C:\lab\Tools\browsinghistoryview-x64\FileServer\History,36
https://accounts.google.com/v3/signin/challenge/pwd?TL=AEzbmxwVnzty1mymXrXRzLtodSY5FtoVgL03GWWFx8b97JD02c7oWmbpnCJX614f&checkConnection=youtube%3A236&checkedDomains=youtube&cid=1&continue=https%3A%2F%2Fdrive.google.com%2Fdrive%2Ffolders%2F1dQHzMaLEJWh_N1fFLu4apMUnbVUivjCj%3Fusp%3Dsharing&ddm=0&dsh=S-1022547183%3A1710817321848851&ec=GAZAMQ&flowEntry=ServiceLogin&flowName=GlifWebSignIn&hl=en&ifkv=ARZ0qKLvRzV7MVIFaXE7SpVlsVkuPz41M63c_IUNcxLn7YLItKdg5QK7nU_hfe5_SdAzcDZ1MI2GDQ&pstMsg=1&service=writely&theme=mn,Google Drive,3/19/2024 3:02:06 AM,1,https://accounts.google.com/v3/signin/identifier?continue=https%3A%2F%2Fdrive.google.com%2Fdrive%2Ffolders%2F1dQHzMaLEJWh_N1fFLu4apMUnbVUivjCj%3Fusp%3Dsharing&ec=GAZAMQ&hl=en&ifkv=ARZ0qKLvRzV7MVIFaXE7SpVlsVkuPz41M63c_IUNcxLn7YLItKdg5QK7nU_hfe5_SdAzcDZ1MI2GDQ&passive=true&service=writely&flowName=GlifWebSignIn&flowEntry=ServiceLogin&dsh=S-1022547183%3A1710817321848851&theme=mn&ddm=0,Link,00:00:53.375,Chrome,,FileServer,510,0,C:\lab\Tools\browsinghistoryview-x64\FileServer\History,37
https://drive.google.com/drive/folders/1dQHzMaLEJWh_N1fFLu4apMUnbVUivjCj?usp=sharing&authuser=0,uploaads - Google Drive,3/19/2024 3:02:59 AM,1,https://accounts.youtube.com/accounts/SetSID?ssdc=1&sidt=ALWU2csifs%2BHW7RidiPmbsj5FuhK16pl6OduEhGuCpxS3vP8qBHxRtmIgNaWE9q67bIpprzqltyiNxry3vHy0rYmM4Zi6GEubDWLBxnqe42N5p9yqugQGmhoNoKj5qzpczQLmENNToUv%2F8VRgB%2B4e02uTLiKyQHgtAqQWC16yDG67Sonr2VVQdB95s%2B91ZeOcT78c3hkmtzHS%2B%2FEDQJutnTqqWErA%2FOVF6xqlYWswvkLM%2FAzAXI%2Bx7NQrZhEBO85609YE0Ub94iLqZV%2Bxz6ufPOPAS2SSFHJuqIJ9LmEo2%2FpxD%2FlihlJNhqliqEzb2gz81kRR7W3PYjIy1YXkS4ipXjAA75L5bWUMfKSAUDNk8Xfy8SSqTeVicQV%2BJu21s684u6df%2BGHVQ6vuAP4XRo%2FJk%2BFUja%2F0md%2FbcTwkg%2FpSOXX6ZMG6%2BsmKYKesguJqeoNm%2FGb8oOpuyoaCu%2FQtxXg1gAnhV4dvfgWYfYeC77XH6KLLJ%2FAXfnVklW7zzp%2BsebKYT9SXP5mK%2BBGlUFKHV5RXynTwthD8bs8eBJyEGq45SUjA2UPb6FqF%2Fprkqd1atvZUnnHCNuhhE9m%2BVgzFTCAEyhPELODB8Wq%2BKxk1%2BIQjipBfYFrrL%2FrteDoeOxy3yOVH8CgwQgkXaREN2SRAEee0Ev%2FpCtxZpWekrHGK4kQQQcYMjH%2F80XBhl43Lvnl1HohaLGhPv3HXo%2Bct5nOu3bLSRvogv2cADk2OhCmnjS67uH6Fn0zbcMNoStVw0BS%2BO8LSIif9VpX5PYg&continue=https%3A%2F%2Fdrive.google.com%2Fdrive%2Ffolders%2F1dQHzMaLEJWh_N1fFLu4apMUnbVUivjCj%3Fusp%3Dsharing%26authuser%3D0,Link,,Chrome,,FileServer,95,0,C:\lab\Tools\browsinghistoryview-x64\FileServer\History,40
https://drive.google.com/accounts/SetOSID?authuser=0&continue=https://drive.google.com/drive/folders/1dQHzMaLEJWh_N1fFLu4apMUnbVUivjCj?usp%3Dsharing%26authuser%3D0%26pli%3D1&osidt=ALWU2cvfOYO01xsU9EHQRszCOtnE98inznEfnJ2gFeEEtnMjNnZ1dQKMa4gEeQuUkBjGiJBmzxrLS6Nnr106It3V09hLftV3ZzGqjjDxRWTOXp64TO9dE3Ck3gdD_I2lfFrLplO0xiPdeuRVgeFGxOmIjpmTKpmPePxZp2xF0LaaGIuJGPv2HGLAfh_nVGxOEHeul2AzGUFl9ooDAJQecEMrcm8bMdWZmgOMVMwaB1JpBhCGri23kO7HWK4AQM0xTeP0HI-hh1udHi_Lhc9oP3U7NpfhTJpHK68zIqnB4VMulgkTQArftTDWSPo248J337vK_M1bVXMbJUWkB722VyD5FMFRQd19ir_9iaJOAZ_Z_hx9HMtFmjZF8M3kLIM6C2KhvdX9jQzF_b_mVPJmTr7BctKjwyKvFILgaRnwvelGOyhOSM3-egIqR2tKQoliZYKncLv2G05YnBmZcqUX7q_7EJ-iRSvdUgt6nlnlA3eKfk8OFYnUrMg&ifkv=ARZ0qKIddxpgCUNNkX4hiW5pW477zTy-JJA6qD6Jnu_YE4buLDNACBh4EzpmAsiKV6a4UacLq6UJ,uploaads - Google Drive,3/19/2024 3:02:59 AM,1,https://accounts.google.com/ServiceLogin?service=wise&passive=1209600&osid=1&continue=https://drive.google.com/drive/folders/1dQHzMaLEJWh_N1fFLu4apMUnbVUivjCj?usp%3Dsharing%26authuser%3D0&followup=https://drive.google.com/drive/folders/1dQHzMaLEJWh_N1fFLu4apMUnbVUivjCj?usp%3Dsharing%26authuser%3D0&authuser=0,Link,,Chrome,,FileServer,765,0,C:\lab\Tools\browsinghistoryview-x64\FileServer\History,42
https://accounts.google.com/CheckCookie?continue=https://drive.google.com/drive/folders/1dQHzMaLEJWh_N1fFLu4apMUnbVUivjCj?usp%3Dsharing&service=writely&hl=en&checkedDomains=youtube&checkConnection=youtube:236&pstMsg=1&flowName=GlifWebSignIn&ifkv=ARZ0qKLvRzV7MVIFaXE7SpVlsVkuPz41M63c_IUNcxLn7YLItKdg5QK7nU_hfe5_SdAzcDZ1MI2GDQ&theme=mn&chtml=LoginDoneHtml&gidl=EgIIAA,uploaads - Google Drive,3/19/2024 3:02:59 AM,1,https://accounts.google.com/v3/signin/challenge/pwd?TL=AEzbmxwVnzty1mymXrXRzLtodSY5FtoVgL03GWWFx8b97JD02c7oWmbpnCJX614f&checkConnection=youtube%3A236&checkedDomains=youtube&cid=1&continue=https%3A%2F%2Fdrive.google.com%2Fdrive%2Ffolders%2F1dQHzMaLEJWh_N1fFLu4apMUnbVUivjCj%3Fusp%3Dsharing&ddm=0&dsh=S-1022547183%3A1710817321848851&ec=GAZAMQ&flowEntry=ServiceLogin&flowName=GlifWebSignIn&hl=en&ifkv=ARZ0qKLvRzV7MVIFaXE7SpVlsVkuPz41M63c_IUNcxLn7YLItKdg5QK7nU_hfe5_SdAzcDZ1MI2GDQ&pstMsg=1&service=writely&theme=mn,Link,,Chrome,,FileServer,365,0,C:\lab\Tools\browsinghistoryview-x64\FileServer\History,38
https://drive.google.com/drive/folders/1dQHzMaLEJWh_N1fFLu4apMUnbVUivjCj?usp=sharing&authuser=0&pli=1,uploaads - Google Drive,3/19/2024 3:02:59 AM,1,https://drive.google.com/accounts/SetOSID?authuser=0&continue=https://drive.google.com/drive/folders/1dQHzMaLEJWh_N1fFLu4apMUnbVUivjCj?usp%3Dsharing%26authuser%3D0%26pli%3D1&osidt=ALWU2cvfOYO01xsU9EHQRszCOtnE98inznEfnJ2gFeEEtnMjNnZ1dQKMa4gEeQuUkBjGiJBmzxrLS6Nnr106It3V09hLftV3ZzGqjjDxRWTOXp64TO9dE3Ck3gdD_I2lfFrLplO0xiPdeuRVgeFGxOmIjpmTKpmPePxZp2xF0LaaGIuJGPv2HGLAfh_nVGxOEHeul2AzGUFl9ooDAJQecEMrcm8bMdWZmgOMVMwaB1JpBhCGri23kO7HWK4AQM0xTeP0HI-hh1udHi_Lhc9oP3U7NpfhTJpHK68zIqnB4VMulgkTQArftTDWSPo248J337vK_M1bVXMbJUWkB722VyD5FMFRQd19ir_9iaJOAZ_Z_hx9HMtFmjZF8M3kLIM6C2KhvdX9jQzF_b_mVPJmTr7BctKjwyKvFILgaRnwvelGOyhOSM3-egIqR2tKQoliZYKncLv2G05YnBmZcqUX7q_7EJ-iRSvdUgt6nlnlA3eKfk8OFYnUrMg&ifkv=ARZ0qKIddxpgCUNNkX4hiW5pW477zTy-JJA6qD6Jnu_YE4buLDNACBh4EzpmAsiKV6a4UacLq6UJ,Link,,Chrome,,FileServer,101,0,C:\lab\Tools\browsinghistoryview-x64\FileServer\History,43
https://accounts.youtube.com/accounts/SetSID?ssdc=1&sidt=ALWU2csifs%2BHW7RidiPmbsj5FuhK16pl6OduEhGuCpxS3vP8qBHxRtmIgNaWE9q67bIpprzqltyiNxry3vHy0rYmM4Zi6GEubDWLBxnqe42N5p9yqugQGmhoNoKj5qzpczQLmENNToUv%2F8VRgB%2B4e02uTLiKyQHgtAqQWC16yDG67Sonr2VVQdB95s%2B91ZeOcT78c3hkmtzHS%2B%2FEDQJutnTqqWErA%2FOVF6xqlYWswvkLM%2FAzAXI%2Bx7NQrZhEBO85609YE0Ub94iLqZV%2Bxz6ufPOPAS2SSFHJuqIJ9LmEo2%2FpxD%2FlihlJNhqliqEzb2gz81kRR7W3PYjIy1YXkS4ipXjAA75L5bWUMfKSAUDNk8Xfy8SSqTeVicQV%2BJu21s684u6df%2BGHVQ6vuAP4XRo%2FJk%2BFUja%2F0md%2FbcTwkg%2FpSOXX6ZMG6%2BsmKYKesguJqeoNm%2FGb8oOpuyoaCu%2FQtxXg1gAnhV4dvfgWYfYeC77XH6KLLJ%2FAXfnVklW7zzp%2BsebKYT9SXP5mK%2BBGlUFKHV5RXynTwthD8bs8eBJyEGq45SUjA2UPb6FqF%2Fprkqd1atvZUnnHCNuhhE9m%2BVgzFTCAEyhPELODB8Wq%2BKxk1%2BIQjipBfYFrrL%2FrteDoeOxy3yOVH8CgwQgkXaREN2SRAEee0Ev%2FpCtxZpWekrHGK4kQQQcYMjH%2F80XBhl43Lvnl1HohaLGhPv3HXo%2Bct5nOu3bLSRvogv2cADk2OhCmnjS67uH6Fn0zbcMNoStVw0BS%2BO8LSIif9VpX5PYg&continue=https%3A%2F%2Fdrive.google.com%2Fdrive%2Ffolders%2F1dQHzMaLEJWh_N1fFLu4apMUnbVUivjCj%3Fusp%3Dsharing%26authuser%3D0,uploaads - Google Drive,3/19/2024 3:02:59 AM,1,https://accounts.google.com/CheckCookie?continue=https://drive.google.com/drive/folders/1dQHzMaLEJWh_N1fFLu4apMUnbVUivjCj?usp%3Dsharing&service=writely&hl=en&checkedDomains=youtube&checkConnection=youtube:236&pstMsg=1&flowName=GlifWebSignIn&ifkv=ARZ0qKLvRzV7MVIFaXE7SpVlsVkuPz41M63c_IUNcxLn7YLItKdg5QK7nU_hfe5_SdAzcDZ1MI2GDQ&theme=mn&chtml=LoginDoneHtml&gidl=EgIIAA,Link,,Chrome,,FileServer,1030,0,C:\lab\Tools\browsinghistoryview-x64\FileServer\History,39
https://drive.google.com/drive/folders/1dQHzMaLEJWh_N1fFLu4apMUnbVUivjCj?usp=sharing&pli=1,uploaads - Google Drive,3/19/2024 3:02:59 AM,2,https://drive.google.com/drive/folders/1dQHzMaLEJWh_N1fFLu4apMUnbVUivjCj?usp=sharing&authuser=0&pli=1,Link,00:00:00.966,Chrome,,FileServer,90,0,C:\lab\Tools\browsinghistoryview-x64\FileServer\History,44
https://accounts.google.com/ServiceLogin?service=wise&passive=1209600&osid=1&continue=https://drive.google.com/drive/folders/1dQHzMaLEJWh_N1fFLu4apMUnbVUivjCj?usp%3Dsharing%26authuser%3D0&followup=https://drive.google.com/drive/folders/1dQHzMaLEJWh_N1fFLu4apMUnbVUivjCj?usp%3Dsharing%26authuser%3D0&authuser=0,uploaads - Google Drive,3/19/2024 3:02:59 AM,1,https://drive.google.com/drive/folders/1dQHzMaLEJWh_N1fFLu4apMUnbVUivjCj?usp=sharing&authuser=0,Link,,Chrome,,FileServer,309,0,C:\lab\Tools\browsinghistoryview-x64\FileServer\History,41
https://drive.google.com/drive/folders/1dQHzMaLEJWh_N1fFLu4apMUnbVUivjCj?pli=1,uploaads - Google Drive,3/19/2024 3:03:00 AM,2,https://drive.google.com/drive/folders/1dQHzMaLEJWh_N1fFLu4apMUnbVUivjCj?usp=sharing&pli=1,Link,00:00:00.060,Chrome,,FileServer,78,0,C:\lab\Tools\browsinghistoryview-x64\FileServer\History,45
https://drive.google.com/drive/folders/1dQHzMaLEJWh_N1fFLu4apMUnbVUivjCj,uploaads - Google Drive,3/19/2024 3:03:00 AM,5,https://drive.google.com/drive/folders/1dQHzMaLEJWh_N1fFLu4apMUnbVUivjCj?pli=1,Link,00:00:00.779,Chrome,,FileServer,72,0,C:\lab\Tools\browsinghistoryview-x64\FileServer\History,46
https://drive.google.com/drive/folders/1dQHzMaLEJWh_N1fFLu4apMUnbVUivjCj,uploaads - Google Drive,3/19/2024 3:03:01 AM,5,https://drive.google.com/drive/folders/1dQHzMaLEJWh_N1fFLu4apMUnbVUivjCj,Link,00:01:31.178,Chrome,,FileServer,72,0,C:\lab\Tools\browsinghistoryview-x64\FileServer\History,47
https://accounts.google.com/Logout?hl=en&continue=https://drive.google.com/drive/folders/1dQHzMaLEJWh_N1fFLu4apMUnbVUivjCj%3Fusp%3Dsharing%26pli%3D1&service=writely&timeStmp=1710817380&secTok=.AG5fkS-ARMO78qNDxan00kLQe8bJ0K8C1g&ec=GAdAMQ,Google Accounts,3/19/2024 3:04:32 AM,1,,Link,00:00:00.045,Chrome,,FileServer,237,0,C:\lab\Tools\browsinghistoryview-x64\FileServer\History,48
https://accounts.google.com/Logout,uploaads - Google Drive,3/19/2024 3:04:32 AM,1,https://accounts.google.com/Logout?hl=en&continue=https://drive.google.com/drive/folders/1dQHzMaLEJWh_N1fFLu4apMUnbVUivjCj%3Fusp%3Dsharing%26pli%3D1&service=writely&timeStmp=1710817380&secTok=.AG5fkS-ARMO78qNDxan00kLQe8bJ0K8C1g&ec=GAdAMQ,Link,00:00:00.304,Chrome,,FileServer,34,0,C:\lab\Tools\browsinghistoryview-x64\FileServer\History,49
https://drive.google.com/drive/folders/1dQHzMaLEJWh_N1fFLu4apMUnbVUivjCj?usp=sharing&pli=1,uploaads - Google Drive,3/19/2024 3:04:33 AM,2,https://accounts.google.com/Logout,Link,00:00:00.836,Chrome,,FileServer,90,0,C:\lab\Tools\browsinghistoryview-x64\FileServer\History,50
https://drive.google.com/drive/folders/1dQHzMaLEJWh_N1fFLu4apMUnbVUivjCj?pli=1,uploaads - Google Drive,3/19/2024 3:04:34 AM,2,https://drive.google.com/drive/folders/1dQHzMaLEJWh_N1fFLu4apMUnbVUivjCj?usp=sharing&pli=1,Link,00:00:00.049,Chrome,,FileServer,78,0,C:\lab\Tools\browsinghistoryview-x64\FileServer\History,51
https://drive.google.com/drive/folders/1dQHzMaLEJWh_N1fFLu4apMUnbVUivjCj,uploaads - Google Drive,3/19/2024 3:04:34 AM,5,https://drive.google.com/drive/folders/1dQHzMaLEJWh_N1fFLu4apMUnbVUivjCj?pli=1,Link,00:00:06.808,Chrome,,FileServer,72,0,C:\lab\Tools\browsinghistoryview-x64\FileServer\History,52
